PRAGMA foreign_keys=OFF;
BEGIN TRANSACTION;
CREATE TABLE IF NOT EXISTS `matches_played` (
	`id` integer PRIMARY KEY AUTOINCREMENT NOT NULL,
	`blue_team_id` integer NOT NULL,
	`red_team_id` integer NOT NULL,
	"blue_win" integer,
	"game_time_seconds" integer,
	"match_date" integer DEFAULT CURRENT_TIMESTAMP,
	"is_playoffs" integer DEFAULT false, `game_week` integer DEFAULT 1 NOT NULL,
	FOREIGN KEY (`blue_team_id`) REFERENCES `participating_teams`(`id`) ON UPDATE no action ON DELETE no action,
	FOREIGN KEY (`red_team_id`) REFERENCES `participating_teams`(`id`) ON UPDATE no action ON DELETE no action
);
INSERT INTO matches_played VALUES(1,10,4,1,2014,1737964800,0,1);
INSERT INTO matches_played VALUES(2,1,4,0,1603,1738396800,0,2);
INSERT INTO matches_played VALUES(3,1,3,0,2019,1737792000,0,1);
INSERT INTO matches_played VALUES(4,7,8,0,2265,1737792000,0,1);
INSERT INTO matches_played VALUES(5,11,3,1,2158,1737878400,0,1);
INSERT INTO matches_played VALUES(6,4,11,1,1782,1737792000,0,1);
INSERT INTO matches_played VALUES(7,7,9,1,1759,1738396800,0,2);
INSERT INTO matches_played VALUES(8,5,10,0,1656,1737878400,0,1);
INSERT INTO matches_played VALUES(9,1,2,0,1672,1737878400,0,1);
INSERT INTO matches_played VALUES(10,5,11,1,2409,1738396800,0,2);
INSERT INTO matches_played VALUES(11,2,3,1,1731,1738396800,0,2);
INSERT INTO matches_played VALUES(12,6,9,1,2486,1737792000,0,1);
INSERT INTO matches_played VALUES(13,5,9,1,2159,1737964800,0,1);
INSERT INTO matches_played VALUES(14,6,8,1,1383,1737878400,0,1);
INSERT INTO matches_played VALUES(15,6,10,0,1915,1738483200,0,2);
INSERT INTO matches_played VALUES(16,1,5,0,2358,1738483200,0,2);
INSERT INTO matches_played VALUES(17,6,11,0,2087,1738483200,0,2);
INSERT INTO matches_played VALUES(18,8,9,0,2125,1738483200,0,2);
INSERT INTO matches_played VALUES(19,2,4,1,1636,1738483200,0,2);
INSERT INTO matches_played VALUES(20,7,10,0,1903,1738483200,0,2);
INSERT INTO matches_played VALUES(21,2,5,1,1873,1739088000,0,3);
INSERT INTO matches_played VALUES(22,11,7,0,1996,1739001600,0,3);
INSERT INTO matches_played VALUES(23,8,10,0,1700,1739001600,0,3);
INSERT INTO matches_played VALUES(24,3,4,1,1889,1739001600,0,3);
INSERT INTO matches_played VALUES(25,1,6,1,1696,1739520000,0,3);
INSERT INTO matches_played VALUES(26,2,6,0,2149,1739088000,0,3);
INSERT INTO matches_played VALUES(27,3,5,0,1893,1739088000,0,3);
INSERT INTO matches_played VALUES(28,9,10,0,1957,1739088000,0,3);
INSERT INTO matches_played VALUES(29,8,11,0,2336,1739088000,0,3);
INSERT INTO matches_played VALUES(30,7,1,1,0,'2025-01-26 06:35:08',NULL,3);
INSERT INTO matches_played VALUES(31,2,7,0,1586,1739779200,0,4);
INSERT INTO matches_played VALUES(32,8,1,0,1757,1739692800,0,4);
INSERT INTO matches_played VALUES(33,3,6,1,1838,1739692800,0,4);
INSERT INTO matches_played VALUES(34,9,11,1,1865,1739606400,0,4);
INSERT INTO matches_played VALUES(35,4,5,1,1707,1739779200,0,4);
INSERT INTO matches_played VALUES(36,9,1,1,1690,1739692800,0,4);
INSERT INTO matches_played VALUES(37,2,8,1,1321,1739692800,0,4);
INSERT INTO matches_played VALUES(38,3,7,0,1621,1739692800,0,4);
INSERT INTO matches_played VALUES(39,4,6,0,2141,1739692800,0,4);
INSERT INTO matches_played VALUES(40,10,11,1,1807,1740211200,0,4);
INSERT INTO matches_played VALUES(41,9,2,1,2369,1740211200,0,5);
INSERT INTO matches_played VALUES(42,4,7,0,1704,1740729600,0,5);
INSERT INTO matches_played VALUES(43,5,6,0,2199,1740211200,0,5);
INSERT INTO matches_played VALUES(44,10,1,0,1652,1740211200,0,5);
INSERT INTO matches_played VALUES(45,3,8,1,1818,1740211200,0,5);
INSERT INTO matches_played VALUES(46,11,1,0,2033,1740297600,0,5);
INSERT INTO matches_played VALUES(47,8,4,1,1849,1740384000,0,5);
INSERT INTO matches_played VALUES(48,7,5,1,1720,1740384000,0,5);
INSERT INTO matches_played VALUES(49,10,2,0,2012,1740297600,0,5);
INSERT INTO matches_played VALUES(50,9,3,1,1589,1740297600,0,5);
INSERT INTO matches_played VALUES(51,4,9,0,0,'2025-01-26 06:37:27',0,6);
INSERT INTO matches_played VALUES(52,11,2,0,1834,1740816000,0,6);
INSERT INTO matches_played VALUES(53,6,7,0,1942,1740816000,0,6);
INSERT INTO matches_played VALUES(54,10,3,1,1797,1740816000,0,6);
INSERT INTO matches_played VALUES(55,5,8,0,1680,1740816000,0,6);
CREATE TABLE IF NOT EXISTS `players` (
	`id` integer PRIMARY KEY AUTOINCREMENT NOT NULL,
	`team_id` integer,
	`player_name` text NOT NULL,
	`summoner_name` text NOT NULL,
	`position` text NOT NULL,
	FOREIGN KEY (`team_id`) REFERENCES `participating_teams`(`id`) ON UPDATE no action ON DELETE no action
);
INSERT INTO players VALUES(1,1,'SHORTNAME1','FAKENAME1#NA1','mid');
INSERT INTO players VALUES(2,1,'SHORTNAME2','FAKENAME2#NA1','top');
INSERT INTO players VALUES(3,1,'SHORTNAME3','FAKENAME3#sigma','jgl');
INSERT INTO players VALUES(4,1,'SHORTNAME4','FAKENAME4#NA1','sup');
INSERT INTO players VALUES(5,NULL,'SHORTNAME5','FAKENAME5#MYMOM','bot');
INSERT INTO players VALUES(6,2,'SHORTNAME6','FAKENAME6#NA1','bot');
INSERT INTO players VALUES(7,2,'SHORTNAME7','FAKENAME7#1111','mid');
INSERT INTO players VALUES(8,2,'SHORTNAME8','FAKENAME8#NA1','top');
INSERT INTO players VALUES(9,2,'SHORTNAME9','FAKENAME9#NA1','jgl');
INSERT INTO players VALUES(10,2,'SHORTNAME10','FAKENAME10#NA1','sup');
INSERT INTO players VALUES(11,3,'SHORTNAME11','FAKENAME11#NA1','top');
INSERT INTO players VALUES(12,3,'SHORTNAME12','FAKENAME12#7572','jgl');
INSERT INTO players VALUES(13,3,'SHORTNAME13','FAKENAME13#5687','mid');
INSERT INTO players VALUES(14,3,'SHORTNAME14','FAKENAME14#NA1','bot');
INSERT INTO players VALUES(15,3,'SHORTNAME15','FAKENAME15#hajin','sup');
INSERT INTO players VALUES(16,4,'SHORTNAME16','FAKENAME16#2434','top');
INSERT INTO players VALUES(17,4,'SHORTNAME17','FAKENAME17#Sprtn','jgl');
INSERT INTO players VALUES(18,4,'SHORTNAME18','FAKENAME18#NA1','mid');
INSERT INTO players VALUES(19,4,'SHORTNAME19','FAKENAME19#ghoul','bot');
INSERT INTO players VALUES(20,4,'SHORTNAME20','FAKENAME20#NA1','sup');
INSERT INTO players VALUES(21,5,'SHORTNAME21','FAKENAME21#NA1','top');
INSERT INTO players VALUES(22,5,'SHORTNAME22','FAKENAME22#NA1','jgl');
INSERT INTO players VALUES(23,5,'SHORTNAME23','FAKENAME23#moc','mid');
INSERT INTO players VALUES(24,5,'SHORTNAME24','FAKENAME24#xayah','bot');
INSERT INTO players VALUES(25,5,'SHORTNAME25','FAKENAME25#meiko','sup');
INSERT INTO players VALUES(26,6,'SHORTNAME26','FAKENAME26#BEAN','top');
INSERT INTO players VALUES(27,6,'SHORTNAME27','FAKENAME27#NA1','jgl');
INSERT INTO players VALUES(28,6,'SHORTNAME28','FAKENAME28#5435','mid');
INSERT INTO players VALUES(29,6,'SHORTNAME29','FAKENAME29#that','bot');
INSERT INTO players VALUES(30,6,'SHORTNAME30','FAKENAME30#NA1','sup');
INSERT INTO players VALUES(31,7,'SHORTNAME31','FAKENAME31#meow','top');
INSERT INTO players VALUES(32,7,'SHORTNAME32','FAKENAME32#NA1','jgl');
INSERT INTO players VALUES(33,7,'SHORTNAME33','FAKENAME33#NA1','mid');
INSERT INTO players VALUES(34,7,'SHORTNAME34','FAKENAME34#NA1','bot');
INSERT INTO players VALUES(35,7,'SHORTNAME35','FAKENAME35#NA1','sup');
INSERT INTO players VALUES(36,8,'SHORTNAME36','FAKENAME36#anime','top');
INSERT INTO players VALUES(37,8,'SHORTNAME37','FAKENAME37#NA1','jgl');
INSERT INTO players VALUES(38,8,'SHORTNAME38','FAKENAME38#kock','mid');
INSERT INTO players VALUES(39,8,'SHORTNAME39','FAKENAME39#Anime','bot');
INSERT INTO players VALUES(40,8,'SHORTNAME40','FAKENAME40#kock','sup');
INSERT INTO players VALUES(41,9,'SHORTNAME41','FAKENAME41#meld','top');
INSERT INTO players VALUES(42,9,'SHORTNAME41','FAKENAME42#SLO','jgl');
INSERT INTO players VALUES(43,9,'SHORTNAME42','FAKENAME43#NA1','bot');
INSERT INTO players VALUES(44,9,'SHORTNAME43','FAKENAME44#NA1','mid');
INSERT INTO players VALUES(45,9,'SHORTNAME44','FAKENAME45#steez','sup');
INSERT INTO players VALUES(46,10,'SHORTNAME45','FAKENAME46#NA1','top');
INSERT INTO players VALUES(47,10,'SHORTNAME46','FAKENAME47#Fappo','jgl');
INSERT INTO players VALUES(48,10,'SHORTNAME47','FAKENAME48#jenbf','mid');
INSERT INTO players VALUES(49,10,'SHORTNAME48','FAKENAME49#NA1','bot');
INSERT INTO players VALUES(50,10,'SHORTNAME49','FAKENAME50#NA1','sup');
INSERT INTO players VALUES(51,11,'SHORTNAME50','FAKENAME51#RAN99','top');
INSERT INTO players VALUES(52,11,'SHORTNAME51','FAKENAME52#NA21','jgl');
INSERT INTO players VALUES(53,11,'SHORTNAME52','FAKENAME53#chonk','mid');
INSERT INTO players VALUES(54,11,'SHORTNAME53','FAKENAME54#NA1','bot');
INSERT INTO players VALUES(55,11,'SHORTNAME54','FAKENAME55#7058','sup');
INSERT INTO players VALUES(88,NULL,'SHORTNAME55','FAKENAME56#NA1','jgl');
INSERT INTO players VALUES(157,1,'SHORTNAME56','FAKENAME57#FLR1','bot');
INSERT INTO players VALUES(166,NULL,'SHORTNAME57','FAKENAME58#NA1','bot');
INSERT INTO players VALUES(169,NULL,'SHORTNAME58','FAKENAME59#Eagle','jgl');
INSERT INTO players VALUES(256,NULL,'SHORTNAME59','FAKENAME60#dog','bot');
INSERT INTO players VALUES(281,NULL,'SHORTNAME60','FAKENAME61#NA1','bot');
INSERT INTO players VALUES(303,NULL,'SHORTNAME61','FAKENAME62#Thlam','top');
INSERT INTO players VALUES(405,NULL,'SHORTNAME62','FAKENAME63#NA1','mid');
INSERT INTO players VALUES(451,NULL,'SHORTNAME63','FAKENAME64#NA1','bot');
INSERT INTO players VALUES(556,NULL,'SHORTNAME64','FAKENAME65#WIDE','bot');
CREATE TABLE IF NOT EXISTS `participating_teams` (
	`id` integer PRIMARY KEY AUTOINCREMENT NOT NULL,
	`default_name` text NOT NULL,
	`team_name` text,
	"modified_at" integer DEFAULT CURRENT_TIMESTAMP, `playoff_rank` integer);
INSERT INTO participating_teams VALUES(1,'Team 1','Baron Brawling Lovers','2025-01-25 08:23:49',8);
INSERT INTO participating_teams VALUES(2,'Team 2','Chug Jug Kitty Burger Time','2025-01-25 08:23:49',3);
INSERT INTO participating_teams VALUES(3,'Team 3','Lebron James Lovers','2025-01-25 08:23:49',7);
INSERT INTO participating_teams VALUES(4,'Team 4','PROD GAP','2025-01-25 08:23:49',NULL);
INSERT INTO participating_teams VALUES(5,'Team 5','Property In Egypt','2025-01-25 08:23:49',6);
INSERT INTO participating_teams VALUES(6,'Team 6','Which Jamie','2025-01-25 08:23:49',5);
INSERT INTO participating_teams VALUES(7,'Team 7','Conglomerate of Mewing','2025-01-25 08:23:49',2);
INSERT INTO participating_teams VALUES(8,'Team 8','whatever burger','2025-01-25 08:23:49',NULL);
INSERT INTO participating_teams VALUES(9,'Team 9','Pangaea Knowers','2025-01-25 08:23:49',4);
INSERT INTO participating_teams VALUES(10,'Team 10','One Love','2025-01-25 08:23:49',1);
INSERT INTO participating_teams VALUES(11,'Team 11','Slippery Lizards','2025-01-25 08:23:49',NULL);
CREATE TABLE IF NOT EXISTS `users` (
	`id` integer PRIMARY KEY AUTOINCREMENT NOT NULL,
	`user_email` text NOT NULL,
	`role` text NOT NULL
);
INSERT INTO users VALUES(1,'example@example.com','admin');
CREATE TABLE IF NOT EXISTS "player_matches" (
	`id` integer PRIMARY KEY AUTOINCREMENT NOT NULL,
	`player_id` integer,
	`match_id` integer,
	`raw_kda` text(10) NOT NULL,
	`position` text NOT NULL,
	`champion_name` text NOT NULL,
	`player_kills` integer NOT NULL,
	`player_deaths` integer NOT NULL,
	`player_assists` integer NOT NULL, "kill_participation" real NOT NULL, "on_blue_team" integer NOT NULL,
	FOREIGN KEY (`player_id`) REFERENCES `players`(`id`) ON UPDATE no action ON DELETE no action,
	FOREIGN KEY (`match_id`) REFERENCES `matches_played`(`id`) ON UPDATE no action ON DELETE no action
);
INSERT INTO player_matches VALUES(1,2,3,'12/5/4','top','Renekton',12,5,4,0.5333333333333333,1);
INSERT INTO player_matches VALUES(2,3,3,'5/7/6','jgl','Viego',5,7,6,0.36666666666666664,1);
INSERT INTO player_matches VALUES(3,1,3,'8/3/16','mid','Taliyah',8,3,16,0.8,1);
INSERT INTO player_matches VALUES(4,5,3,'4/6/13','bot','Ashe',4,6,13,0.5666666666666667,1);
INSERT INTO player_matches VALUES(5,4,3,'1/12/18','sup','Leona',1,12,18,0.6333333333333333,1);
INSERT INTO player_matches VALUES(6,11,3,'7/5/9','top','Yone',7,5,9,0.5333333333333333,0);
INSERT INTO player_matches VALUES(7,12,3,'5/6/13','jgl','Maokai',5,6,13,0.6,0);
INSERT INTO player_matches VALUES(8,13,3,'3/5/17','mid','Galio',3,5,17,0.6666666666666666,0);
INSERT INTO player_matches VALUES(9,14,3,'14/5/10','bot','Twitch',14,5,10,0.8,0);
INSERT INTO player_matches VALUES(10,15,3,'1/9/21','sup','Nautilus',1,9,21,0.7333333333333333,0);
INSERT INTO player_matches VALUES(11,16,6,'4/4/8','top','Dr. Mundo',4,4,8,0.46153846153846156,1);
INSERT INTO player_matches VALUES(12,17,6,'8/1/10','jgl','Pantheon',8,1,10,0.6923076923076923,1);
INSERT INTO player_matches VALUES(13,18,6,'4/2/13','mid','Viktor',4,2,13,0.6538461538461539,1);
INSERT INTO player_matches VALUES(14,19,6,'8/3/8','bot','Miss Fortune',8,3,8,0.6153846153846154,1);
INSERT INTO player_matches VALUES(15,20,6,'2/5/13','sup','Nautilus',2,5,13,0.5769230769230769,1);
INSERT INTO player_matches VALUES(16,51,6,'4/6/2','top','Illaoi',4,6,2,0.4,0);
INSERT INTO player_matches VALUES(17,52,6,'5/4/4','jgl','Wukong',5,4,4,0.6,0);
INSERT INTO player_matches VALUES(18,53,6,'2/6/5','mid','Sylas',2,6,5,0.4666666666666667,0);
INSERT INTO player_matches VALUES(19,54,6,'4/5/4','bot','Xayah',4,5,4,0.5333333333333333,0);
INSERT INTO player_matches VALUES(20,55,6,'0/5/7','sup','Milio',0,5,7,0.4666666666666667,0);
INSERT INTO player_matches VALUES(21,31,4,'7/9/5','top','Cho''Gath',7,9,5,0.631578947368421,1);
INSERT INTO player_matches VALUES(22,32,4,'4/5/10','jgl','Wukong',4,5,10,0.7368421052631579,1);
INSERT INTO player_matches VALUES(23,33,4,'1/7/4','mid','Akali',1,7,4,0.2631578947368421,1);
INSERT INTO player_matches VALUES(24,34,4,'7/9/4','bot','Lucian',7,9,4,0.5789473684210527,1);
INSERT INTO player_matches VALUES(25,35,4,'0/10/13','sup','Milio',0,10,13,0.6842105263157895,1);
INSERT INTO player_matches VALUES(26,36,4,'11/7/9','top','Volibear',11,7,9,0.5,0);
INSERT INTO player_matches VALUES(27,37,4,'8/2/11','jgl','Nocturne',8,2,11,0.475,0);
INSERT INTO player_matches VALUES(28,38,4,'6/2/7','mid','Vex',6,2,7,0.325,0);
INSERT INTO player_matches VALUES(29,39,4,'14/3/12','bot','Jinx',14,3,12,0.65,0);
INSERT INTO player_matches VALUES(30,40,4,'1/5/22','sup','Nautilus',1,5,22,0.575,0);
INSERT INTO player_matches VALUES(31,26,12,'2/6/16','top','Shen',2,6,16,0.6428571428571429,1);
INSERT INTO player_matches VALUES(32,88,12,'2/4/19','jgl','Skarner',2,4,19,0.75,1);
INSERT INTO player_matches VALUES(33,28,12,'3/6/15','mid','Hwei',3,6,15,0.6428571428571429,1);
INSERT INTO player_matches VALUES(34,29,12,'17/2/8','bot','Miss Fortune',17,2,8,0.8928571428571429,1);
INSERT INTO player_matches VALUES(35,30,12,'4/4/22','sup','Rakan',4,4,22,0.9285714285714286,1);
INSERT INTO player_matches VALUES(36,41,12,'10/5/5','top','Garen',10,5,5,0.6818181818181818,0);
INSERT INTO player_matches VALUES(37,42,12,'5/4/9','jgl','Wukong',5,4,9,0.6363636363636364,0);
INSERT INTO player_matches VALUES(38,44,12,'4/6/9','mid','Ahri',4,6,9,0.5909090909090909,0);
INSERT INTO player_matches VALUES(39,43,12,'2/4/4','bot','Ezreal',2,4,4,0.2727272727272727,0);
INSERT INTO player_matches VALUES(40,45,12,'1/11/8','sup','Tahm Kench',1,11,8,0.4090909090909091,0);
INSERT INTO player_matches VALUES(41,21,8,'2/3/2','top','Ornn',2,3,2,0.4444444444444444,1);
INSERT INTO player_matches VALUES(42,22,8,'3/8/1','jgl','Master Yi',3,8,1,0.4444444444444444,1);
INSERT INTO player_matches VALUES(43,23,8,'1/7/1','mid','Aurelion Sol',1,7,1,0.2222222222222222,1);
INSERT INTO player_matches VALUES(44,24,8,'2/2/1','bot','Xayah',2,2,1,0.3333333333333333,1);
INSERT INTO player_matches VALUES(45,25,8,'1/8/3','sup','Nautilus',1,8,3,0.4444444444444444,1);
INSERT INTO player_matches VALUES(46,46,8,'2/3/7','top','Heimerdinger',2,3,7,0.32142857142857145,0);
INSERT INTO player_matches VALUES(47,47,8,'5/1/16','jgl','Jarvan IV',5,1,16,0.75,0);
INSERT INTO player_matches VALUES(48,48,8,'2/1/11','mid','Kassadin',2,1,11,0.4642857142857143,0);
INSERT INTO player_matches VALUES(49,49,8,'15/0/4','bot','Zeri',15,0,4,0.6785714285714286,0);
INSERT INTO player_matches VALUES(50,50,8,'4/4/19','sup','Seraphine',4,4,19,0.8214285714285714,0);
INSERT INTO player_matches VALUES(51,2,9,'3/4/6','top','Gnar',3,4,6,0.5625,1);
INSERT INTO player_matches VALUES(52,3,9,'1/6/5','jgl','Zac',1,6,5,0.375,1);
INSERT INTO player_matches VALUES(53,1,9,'9/3/1','mid','Syndra',9,3,1,0.625,1);
INSERT INTO player_matches VALUES(54,5,9,'1/8/5','bot','Ashe',1,8,5,0.375,1);
INSERT INTO player_matches VALUES(55,4,9,'2/8/3','sup','Maokai',2,8,3,0.3125,1);
INSERT INTO player_matches VALUES(56,8,9,'2/3/10','top','Kled',2,3,10,0.41379310344827586,0);
INSERT INTO player_matches VALUES(57,9,9,'9/4/6','jgl','Gwen',9,4,6,0.5172413793103449,0);
INSERT INTO player_matches VALUES(58,7,9,'4/3/6','mid','Galio',4,3,6,0.3448275862068966,0);
INSERT INTO player_matches VALUES(59,18,9,'9/1/7','bot','Caitlyn',9,1,7,0.5517241379310345,0);
INSERT INTO player_matches VALUES(60,10,9,'5/5/15','sup','Sylas',5,5,15,0.6896551724137931,0);
INSERT INTO player_matches VALUES(61,51,5,'1/6/8','top','Urgot',1,6,8,0.2571428571428571,1);
INSERT INTO player_matches VALUES(62,52,5,'11/2/11','jgl','Graves',11,2,11,0.6285714285714286,1);
INSERT INTO player_matches VALUES(63,53,5,'14/8/11','mid','Diana',14,8,11,0.7142857142857143,1);
INSERT INTO player_matches VALUES(64,54,5,'4/2/16','bot','Miss Fortune',4,2,16,0.5714285714285714,1);
INSERT INTO player_matches VALUES(65,55,5,'5/4/16','sup','Morgana',5,4,16,0.6,1);
INSERT INTO player_matches VALUES(66,11,5,'11/5/7','top','Aatrox',11,5,7,0.8181818181818182,0);
INSERT INTO player_matches VALUES(67,12,5,'2/7/11','jgl','Wukong',2,7,11,0.5909090909090909,0);
INSERT INTO player_matches VALUES(68,13,5,'1/9/7','mid','Malzahar',1,9,7,0.36363636363636365,0);
INSERT INTO player_matches VALUES(69,14,5,'8/5/5','bot','Jinx',8,5,5,0.5909090909090909,0);
INSERT INTO player_matches VALUES(70,15,5,'0/9/10','sup','Soraka',0,9,10,0.45454545454545453,0);
INSERT INTO player_matches VALUES(71,26,14,'11/1/5','top','Camille',11,1,5,0.6153846153846154,1);
INSERT INTO player_matches VALUES(72,27,14,'4/0/11','jgl','Karthus',4,0,11,0.5769230769230769,1);
INSERT INTO player_matches VALUES(73,28,14,'5/3/5','mid','Viktor',5,3,5,0.38461538461538464,1);
INSERT INTO player_matches VALUES(74,29,14,'6/0/5','bot','Caitlyn',6,0,5,0.4230769230769231,1);
INSERT INTO player_matches VALUES(75,30,14,'0/1/11','sup','Renata Glasc',0,1,11,0.4230769230769231,1);
INSERT INTO player_matches VALUES(76,36,14,'0/7/2','top','Volibear',0,7,2,0.4,0);
INSERT INTO player_matches VALUES(77,37,14,'3/7/1','jgl','Kayn',3,7,1,0.8,0);
INSERT INTO player_matches VALUES(78,38,14,'0/4/2','mid','Karma',0,4,2,0.4,0);
INSERT INTO player_matches VALUES(79,24,14,'0/3/2','bot','Xayah',0,3,2,0.4,0);
INSERT INTO player_matches VALUES(80,40,14,'2/5/2','sup','Rell',2,5,2,0.8,0);
INSERT INTO player_matches VALUES(81,46,1,'1/5/10','top','Heimerdinger',1,5,10,0.3793103448275862,1);
INSERT INTO player_matches VALUES(82,47,1,'6/5/16','jgl','Skarner',6,5,16,0.7586206896551724,1);
INSERT INTO player_matches VALUES(83,48,1,'6/5/10','mid','Veigar',6,5,10,0.5517241379310345,1);
INSERT INTO player_matches VALUES(84,49,1,'16/4/6','bot','Zeri',16,4,6,0.7586206896551724,1);
INSERT INTO player_matches VALUES(85,50,1,'0/3/25','sup','Milio',0,3,25,0.8620689655172413,1);
INSERT INTO player_matches VALUES(86,16,1,'2/4/9','top','Ornn',2,4,9,0.5,0);
INSERT INTO player_matches VALUES(87,17,1,'6/9/6','jgl','Xin Zhao',6,9,6,0.5454545454545454,0);
INSERT INTO player_matches VALUES(88,18,1,'6/5/5','mid','Ryze',6,5,5,0.5,0);
INSERT INTO player_matches VALUES(89,19,1,'7/6/6','bot','Varus',7,6,6,0.5909090909090909,0);
INSERT INTO player_matches VALUES(90,20,1,'1/5/11','sup','Nautilus',1,5,11,0.5454545454545454,0);
INSERT INTO player_matches VALUES(91,21,13,'8/2/2','top','Aatrox',8,2,2,0.7692307692307693,1);
INSERT INTO player_matches VALUES(92,22,13,'3/4/5','jgl','Bel''Veth',3,4,5,0.6153846153846154,1);
INSERT INTO player_matches VALUES(93,23,13,'1/4/4','mid','Aurelion Sol',1,4,4,0.38461538461538464,1);
INSERT INTO player_matches VALUES(94,24,13,'1/3/3','bot','Seraphine',1,3,3,0.3076923076923077,1);
INSERT INTO player_matches VALUES(95,25,13,'0/2/6','sup','Rakan',0,2,6,0.46153846153846156,1);
INSERT INTO player_matches VALUES(96,41,13,'3/5/4','top','Mordekaiser',3,5,4,0.4666666666666667,0);
INSERT INTO player_matches VALUES(97,42,13,'4/3/6','jgl','Wukong',4,3,6,0.6666666666666666,0);
INSERT INTO player_matches VALUES(98,44,13,'5/1/3','mid','Syndra',5,1,3,0.5333333333333333,0);
INSERT INTO player_matches VALUES(99,43,13,'3/2/4','bot','Nilah',3,2,4,0.4666666666666667,0);
INSERT INTO player_matches VALUES(100,45,13,'0/2/7','sup','Rell',0,2,7,0.4666666666666667,0);
INSERT INTO player_matches VALUES(101,2,2,'3/4/1','top','Mordekaiser',3,4,1,0.2857142857142857,1);
INSERT INTO player_matches VALUES(102,3,2,'2/5/2','jgl','Poppy',2,5,2,0.2857142857142857,1);
INSERT INTO player_matches VALUES(103,1,2,'1/3/5','mid','Galio',1,3,5,0.42857142857142855,1);
INSERT INTO player_matches VALUES(104,157,2,'4/10/2','bot','Ezreal',4,10,2,0.42857142857142855,1);
INSERT INTO player_matches VALUES(105,4,2,'4/6/2','sup','Brand',4,6,2,0.42857142857142855,1);
INSERT INTO player_matches VALUES(106,16,2,'1/2/4','top','Dr. Mundo',1,2,4,0.17857142857142858,0);
INSERT INTO player_matches VALUES(107,17,2,'5/3/10','jgl','Rek''Sai',5,3,10,0.5357142857142857,0);
INSERT INTO player_matches VALUES(108,18,2,'14/1/5','mid','Kassadin',14,1,5,0.6785714285714286,0);
INSERT INTO player_matches VALUES(109,166,2,'8/6/8','bot','Caitlyn',8,6,8,0.5714285714285714,0);
INSERT INTO player_matches VALUES(110,20,2,'0/2/8','sup','Leona',0,2,8,0.2857142857142857,0);
INSERT INTO player_matches VALUES(111,8,11,'5/2/7','top','Urgot',5,2,7,0.35294117647058826,1);
INSERT INTO player_matches VALUES(112,169,11,'3/1/19','jgl','Skarner',3,1,19,0.6470588235294118,1);
INSERT INTO player_matches VALUES(113,7,11,'7/1/10','mid','Malzahar',7,1,10,0.5,1);
INSERT INTO player_matches VALUES(114,6,11,'16/1/10','bot','Vayne',16,1,10,0.7647058823529411,1);
INSERT INTO player_matches VALUES(115,10,11,'3/5/20','sup','Tahm Kench',3,5,20,0.6764705882352942,1);
INSERT INTO player_matches VALUES(116,11,11,'4/5/1','top','Fiora',4,5,1,0.5,0);
INSERT INTO player_matches VALUES(117,12,11,'3/8/4','jgl','Amumu',3,8,4,0.7,0);
INSERT INTO player_matches VALUES(118,13,11,'2/7/3','mid','Nautilus',2,7,3,0.5,0);
INSERT INTO player_matches VALUES(119,14,11,'0/5/6','bot','Corki',0,5,6,0.6,0);
INSERT INTO player_matches VALUES(120,38,11,'1/9/6','sup','Vex',1,9,6,0.7,0);
INSERT INTO player_matches VALUES(121,31,7,'1/3/7','top','Trundle',1,3,7,0.2962962962962963,1);
INSERT INTO player_matches VALUES(122,11,7,'10/6/4','jgl','Viego',10,6,4,0.5185185185185185,1);
INSERT INTO player_matches VALUES(123,33,7,'6/2/6','mid','Akali',6,2,6,0.4444444444444444,1);
INSERT INTO player_matches VALUES(124,14,7,'8/0/6','bot','Ezreal',8,0,6,0.5185185185185185,1);
INSERT INTO player_matches VALUES(125,35,7,'2/3/15','sup','Vel''Koz',2,3,15,0.6296296296296297,1);
INSERT INTO player_matches VALUES(126,41,7,'1/3/3','top','Ambessa',1,3,3,0.2857142857142857,0);
INSERT INTO player_matches VALUES(127,42,7,'4/6/7','jgl','Amumu',4,6,7,0.7857142857142857,0);
INSERT INTO player_matches VALUES(128,44,7,'5/5/6','mid','Galio',5,5,6,0.7857142857142857,0);
INSERT INTO player_matches VALUES(129,43,7,'3/7/4','bot','Miss Fortune',3,7,4,0.5,0);
INSERT INTO player_matches VALUES(130,45,7,'1/6/8','sup','Lulu',1,6,8,0.6428571428571429,0);
INSERT INTO player_matches VALUES(131,21,10,'6/5/4','top','Malphite',6,5,4,0.4166666666666667,1);
INSERT INTO player_matches VALUES(132,22,10,'12/1/5','jgl','Volibear',12,1,5,0.7083333333333334,1);
INSERT INTO player_matches VALUES(133,38,10,'3/4/7','mid','Veigar',3,4,7,0.4166666666666667,1);
INSERT INTO player_matches VALUES(134,24,10,'3/5/10','bot','Seraphine',3,5,10,0.5416666666666666,1);
INSERT INTO player_matches VALUES(135,25,10,'0/6/12','sup','Karma',0,6,12,0.5,1);
INSERT INTO player_matches VALUES(136,51,10,'1/5/4','top','Malphite',1,5,4,0.23809523809523808,0);
INSERT INTO player_matches VALUES(137,52,10,'7/4/6','jgl','Graves',7,4,6,0.6190476190476191,0);
INSERT INTO player_matches VALUES(138,53,10,'7/7/5','mid','Kassadin',7,7,5,0.5714285714285714,0);
INSERT INTO player_matches VALUES(139,54,10,'5/4/5','bot','Mel',5,4,5,0.47619047619047616,0);
INSERT INTO player_matches VALUES(140,55,10,'1/4/10','sup','Morgana',1,4,10,0.5238095238095238,0);
INSERT INTO player_matches VALUES(141,31,20,'6/3/6','top','Dr. Mundo',6,3,6,0.42857142857142855,1);
INSERT INTO player_matches VALUES(142,11,20,'7/7/7','jgl','Skarner',7,7,7,0.5,1);
INSERT INTO player_matches VALUES(143,33,20,'3/12/6','mid','Sylas',3,12,6,0.32142857142857145,1);
INSERT INTO player_matches VALUES(144,34,20,'8/6/8','bot','Ezreal',8,6,8,0.5714285714285714,1);
INSERT INTO player_matches VALUES(145,35,20,'4/9/10','sup','Xerath',4,9,10,0.5,1);
INSERT INTO player_matches VALUES(146,46,20,'3/3/7','top','Heimerdinger',3,3,7,0.2702702702702703,0);
INSERT INTO player_matches VALUES(147,47,20,'3/5/22','jgl','Ivern',3,5,22,0.6756756756756757,0);
INSERT INTO player_matches VALUES(148,48,20,'6/6/20','mid','Galio',6,6,20,0.7027027027027027,0);
INSERT INTO player_matches VALUES(149,49,20,'22/6/9','bot','Kalista',22,6,9,0.8378378378378378,0);
INSERT INTO player_matches VALUES(150,50,20,'3/8/23','sup','Amumu',3,8,23,0.7027027027027027,0);
INSERT INTO player_matches VALUES(151,26,17,'2/5/1','top','Mordekaiser',2,5,1,0.25,1);
INSERT INTO player_matches VALUES(152,27,17,'4/7/6','jgl','Amumu',4,7,6,0.8333333333333334,1);
INSERT INTO player_matches VALUES(153,28,17,'3/3/4','mid','Viktor',3,3,4,0.5833333333333334,1);
INSERT INTO player_matches VALUES(154,29,17,'2/4/6','bot','Xayah',2,4,6,0.6666666666666666,1);
INSERT INTO player_matches VALUES(155,30,17,'1/5/7','sup','Braum',1,5,7,0.6666666666666666,1);
INSERT INTO player_matches VALUES(156,51,17,'5/3/8','top','Illaoi',5,3,8,0.5416666666666666,0);
INSERT INTO player_matches VALUES(157,52,17,'8/1/11','jgl','Jarvan IV',8,1,11,0.7916666666666666,0);
INSERT INTO player_matches VALUES(158,53,17,'7/4/9','mid','Diana',7,4,9,0.6666666666666666,0);
INSERT INTO player_matches VALUES(159,54,17,'4/2/9','bot','Miss Fortune',4,2,9,0.5416666666666666,0);
INSERT INTO player_matches VALUES(160,55,17,'0/2/15','sup','Janna',0,2,15,0.625,0);
INSERT INTO player_matches VALUES(161,36,18,'1/7/3','top','Jax',1,7,3,0.3076923076923077,1);
INSERT INTO player_matches VALUES(162,37,18,'1/4/6','jgl','Kindred',1,4,6,0.5384615384615384,1);
INSERT INTO player_matches VALUES(163,38,18,'7/4/3','mid','Veigar',7,4,3,0.7692307692307693,1);
INSERT INTO player_matches VALUES(164,39,18,'4/4/6','bot','Hwei',4,4,6,0.7692307692307693,1);
INSERT INTO player_matches VALUES(165,40,18,'0/6/8','sup','Poppy',0,6,8,0.6153846153846154,1);
INSERT INTO player_matches VALUES(166,41,18,'4/4/2','top','Renekton',4,4,2,0.24,0);
INSERT INTO player_matches VALUES(167,42,18,'2/1/18','jgl','Zac',2,1,18,0.8,0);
INSERT INTO player_matches VALUES(168,44,18,'9/2/3','mid','Mel',9,2,3,0.48,0);
INSERT INTO player_matches VALUES(169,43,18,'10/2/9','bot','Nilah',10,2,9,0.76,0);
INSERT INTO player_matches VALUES(170,45,18,'0/4/17','sup','Taric',0,4,17,0.68,0);
INSERT INTO player_matches VALUES(171,26,15,'6/4/6','top','Ornn',6,4,6,0.8,1);
INSERT INTO player_matches VALUES(172,27,15,'1/2/5','jgl','Ivern',1,2,5,0.4,1);
INSERT INTO player_matches VALUES(173,28,15,'5/3/1','mid','Yone',5,3,1,0.4,1);
INSERT INTO player_matches VALUES(174,29,15,'3/4/3','bot','Zeri',3,4,3,0.4,1);
INSERT INTO player_matches VALUES(175,30,15,'0/5/6','sup','Taric',0,5,6,0.4,1);
INSERT INTO player_matches VALUES(176,46,15,'4/4/4','top','Heimerdinger',4,4,4,0.4444444444444444,0);
INSERT INTO player_matches VALUES(177,47,15,'1/4/9','jgl','Xin Zhao',1,4,9,0.5555555555555556,0);
INSERT INTO player_matches VALUES(178,48,15,'8/3/4','mid','Syndra',8,3,4,0.6666666666666666,0);
INSERT INTO player_matches VALUES(179,49,15,'4/3/7','bot','Draven',4,3,7,0.6111111111111112,0);
INSERT INTO player_matches VALUES(180,50,15,'1/1/8','sup','Poppy',1,1,8,0.5,0);
INSERT INTO player_matches VALUES(181,2,16,'7/7/11','top','Irelia',7,7,11,0.5806451612903226,1);
INSERT INTO player_matches VALUES(182,3,16,'9/5/11','jgl','Ambessa',9,5,11,0.6451612903225806,1);
INSERT INTO player_matches VALUES(183,1,16,'8/10/12','mid','Sylas',8,10,12,0.6451612903225806,1);
INSERT INTO player_matches VALUES(184,157,16,'7/6/15','bot','Mel',7,6,15,0.7096774193548387,1);
INSERT INTO player_matches VALUES(185,4,16,'0/9/22','sup','Nautilus',0,9,22,0.7096774193548387,1);
INSERT INTO player_matches VALUES(186,21,16,'11/5/14','top','Aatrox',11,5,14,0.6756756756756757,0);
INSERT INTO player_matches VALUES(187,22,16,'3/7/25','jgl','Taric',3,7,25,0.7567567567567568,0);
INSERT INTO player_matches VALUES(188,23,16,'6/5/15','mid','Aurelion Sol',6,5,15,0.5675675675675675,0);
INSERT INTO player_matches VALUES(189,24,16,'9/7/19','bot','Xayah',9,7,19,0.7567567567567568,0);
INSERT INTO player_matches VALUES(190,25,16,'8/7/16','sup','Pyke',8,7,16,0.6486486486486487,0);
INSERT INTO player_matches VALUES(191,8,19,'5/1/8','top','Ornn',5,1,8,0.5,1);
INSERT INTO player_matches VALUES(192,169,19,'9/0/10','jgl','Wukong',9,0,10,0.7307692307692307,1);
INSERT INTO player_matches VALUES(193,7,19,'1/3/7','mid','Syndra',1,3,7,0.3076923076923077,1);
INSERT INTO player_matches VALUES(194,6,19,'10/1/2','bot','Caitlyn',10,1,2,0.4615384615384616,1);
INSERT INTO player_matches VALUES(195,10,19,'1/2/13','sup','Brand',1,2,13,0.5384615384615384,1);
INSERT INTO player_matches VALUES(196,16,19,'0/7/1','top','Dr. Mundo',0,7,1,0.16666666666666666,0);
INSERT INTO player_matches VALUES(197,17,19,'1/6/1','jgl','Jax',1,6,1,0.3333333333333333,0);
INSERT INTO player_matches VALUES(198,18,19,'3/4/1','mid','Yone',3,4,1,0.6666666666666666,0);
INSERT INTO player_matches VALUES(199,256,19,'2/3/0','bot','Mel',2,3,0,0.3333333333333333,0);
INSERT INTO player_matches VALUES(200,20,19,'0/6/1','sup','Leona',0,6,1,0.16666666666666666,0);
INSERT INTO player_matches VALUES(201,36,23,'6/7/2','top','Darius',6,7,2,0.5,1);
INSERT INTO player_matches VALUES(202,37,23,'5/6/4','jgl','Pantheon',5,6,4,0.5625,1);
INSERT INTO player_matches VALUES(203,38,23,'0/4/1','mid','Veigar',0,4,1,0.0625,1);
INSERT INTO player_matches VALUES(204,39,23,'3/8/3','bot','Kai''Sa',3,8,3,0.375,1);
INSERT INTO player_matches VALUES(205,40,23,'2/7/8','sup','Nautilus',2,7,8,0.625,1);
INSERT INTO player_matches VALUES(206,46,23,'7/7/5','top','Urgot',7,7,5,0.4444444444444444,0);
INSERT INTO player_matches VALUES(207,47,23,'1/4/22','jgl','Jarvan IV',1,4,22,0.8518518518518519,0);
INSERT INTO player_matches VALUES(208,48,23,'8/3/10','mid','Fizz',8,3,10,0.6666666666666666,0);
INSERT INTO player_matches VALUES(209,49,23,'8/3/10','bot','Twitch',8,3,10,0.6666666666666666,0);
INSERT INTO player_matches VALUES(210,50,23,'3/2/17','sup','Seraphine',3,2,17,0.7407407407407407,0);
INSERT INTO player_matches VALUES(211,11,24,'8/3/10','top','Gangplank',8,3,10,0.782608695652174,1);
INSERT INTO player_matches VALUES(212,12,24,'1/3/14','jgl','Maokai',1,3,14,0.6521739130434783,1);
INSERT INTO player_matches VALUES(213,13,24,'2/2/10','mid','Galio',2,2,10,0.5217391304347826,1);
INSERT INTO player_matches VALUES(214,14,24,'11/2/7','bot','Vayne',11,2,7,0.782608695652174,1);
INSERT INTO player_matches VALUES(215,15,24,'1/1/16','sup','Morgana',1,1,16,0.7391304347826086,1);
INSERT INTO player_matches VALUES(216,16,24,'1/5/8','top','Ornn',1,5,8,0.8181818181818182,0);
INSERT INTO player_matches VALUES(217,17,24,'1/5/8','jgl','Jarvan IV',1,5,8,0.8181818181818182,0);
INSERT INTO player_matches VALUES(218,18,24,'4/4/3','mid','Kassadin',4,4,3,0.6363636363636364,0);
INSERT INTO player_matches VALUES(219,19,24,'3/5/2','bot','Varus',3,5,2,0.4545454545454546,0);
INSERT INTO player_matches VALUES(220,20,24,'2/7/5','sup','Lulu',2,7,5,0.6363636363636364,0);
INSERT INTO player_matches VALUES(221,51,22,'8/8/3','top','Illaoi',8,8,3,0.36666666666666664,1);
INSERT INTO player_matches VALUES(222,52,22,'4/4/11','jgl','Rammus',4,4,11,0.5,1);
INSERT INTO player_matches VALUES(223,53,22,'4/11/10','mid','Diana',4,11,10,0.4666666666666667,1);
INSERT INTO player_matches VALUES(224,281,22,'8/2/6','bot','Ezreal',8,2,6,0.4666666666666667,1);
INSERT INTO player_matches VALUES(225,55,22,'6/8/13','sup','Neeko',6,8,13,0.6333333333333333,1);
INSERT INTO player_matches VALUES(226,31,22,'8/8/10','top','Teemo',8,8,10,0.5454545454545454,0);
INSERT INTO player_matches VALUES(227,32,22,'14/2/5','jgl','Kindred',14,2,5,0.5757575757575758,0);
INSERT INTO player_matches VALUES(228,33,22,'0/7/15','mid','Galio',0,7,15,0.4545454545454546,0);
INSERT INTO player_matches VALUES(229,34,22,'9/6/8','bot','Twitch',9,6,8,0.5151515151515151,0);
INSERT INTO player_matches VALUES(230,35,22,'2/7/16','sup','Leona',2,7,16,0.5454545454545454,0);
INSERT INTO player_matches VALUES(231,8,21,'4/6/9','top','Kled',4,6,9,0.4482758620689655,1);
INSERT INTO player_matches VALUES(232,169,21,'7/2/6','jgl','Skarner',7,2,6,0.4482758620689655,1);
INSERT INTO player_matches VALUES(233,7,21,'7/5/12','mid','Galio',7,5,12,0.6551724137931034,1);
INSERT INTO player_matches VALUES(234,6,21,'7/3/7','bot','Vayne',7,3,7,0.4827586206896552,1);
INSERT INTO player_matches VALUES(235,10,21,'4/6/15','sup','Tahm Kench',4,6,15,0.6551724137931034,1);
INSERT INTO player_matches VALUES(236,21,21,'5/4/12','top','Cho''Gath',5,4,12,0.8095238095238095,0);
INSERT INTO player_matches VALUES(237,22,21,'4/8/9','jgl','Viego',4,8,9,0.6190476190476191,0);
INSERT INTO player_matches VALUES(238,23,21,'9/4/3','mid','Aurelion Sol',9,4,3,0.5714285714285714,0);
INSERT INTO player_matches VALUES(239,24,21,'3/5/6','bot','Seraphine',3,5,6,0.42857142857142855,0);
INSERT INTO player_matches VALUES(240,31,21,'0/8/15','sup','Leona',0,8,15,0.7142857142857143,0);
INSERT INTO player_matches VALUES(241,8,26,'2/4/11','top','Ornn',2,4,11,0.6842105263157895,1);
INSERT INTO player_matches VALUES(242,169,26,'4/7/12','jgl','Kayn',4,7,12,0.8421052631578947,1);
INSERT INTO player_matches VALUES(243,7,26,'5/5/1','mid','Mel',5,5,1,0.3157894736842105,1);
INSERT INTO player_matches VALUES(244,6,26,'6/4/7','bot','Caitlyn',6,4,7,0.6842105263157895,1);
INSERT INTO player_matches VALUES(245,10,26,'2/8/13','sup','Elise',2,8,13,0.7894736842105263,1);
INSERT INTO player_matches VALUES(246,303,26,'3/5/8','top','Camille',3,5,8,0.3928571428571429,0);
INSERT INTO player_matches VALUES(247,27,26,'1/4/12','jgl','Amumu',1,4,12,0.4642857142857143,0);
INSERT INTO player_matches VALUES(248,28,26,'7/3/8','mid','Viktor',7,3,8,0.5357142857142857,0);
INSERT INTO player_matches VALUES(249,29,26,'15/2/7','bot','Miss Fortune',15,2,7,0.7857142857142857,0);
INSERT INTO player_matches VALUES(250,30,26,'2/5/17','sup','Braum',2,5,17,0.6785714285714286,0);
INSERT INTO player_matches VALUES(251,41,28,'5/7/2','top','Ambessa',5,7,2,0.5384615384615384,1);
INSERT INTO player_matches VALUES(252,42,28,'2/3/5','jgl','Zac',2,3,5,0.5384615384615384,1);
INSERT INTO player_matches VALUES(253,44,28,'0/3/5','mid','Orianna',0,3,5,0.38461538461538464,1);
INSERT INTO player_matches VALUES(254,43,28,'6/4/1','bot','Miss Fortune',6,4,1,0.5384615384615384,1);
INSERT INTO player_matches VALUES(255,45,28,'0/6/6','sup','Rell',0,6,6,0.4615384615384616,1);
INSERT INTO player_matches VALUES(256,46,28,'5/3/8','top','Heimerdinger',5,3,8,0.5652173913043478,0);
INSERT INTO player_matches VALUES(257,47,28,'5/1/13','jgl','Xin Zhao',5,1,13,0.782608695652174,0);
INSERT INTO player_matches VALUES(258,48,28,'6/1/6','mid','Syndra',6,1,6,0.5217391304347826,0);
INSERT INTO player_matches VALUES(259,49,28,'6/5/8','bot','Twitch',6,5,8,0.6086956521739131,0);
INSERT INTO player_matches VALUES(260,50,28,'1/3/17','sup','Lulu',1,3,17,0.782608695652174,0);
INSERT INTO player_matches VALUES(261,36,29,'3/9/6','top','Darius',3,9,6,0.47368421052631576,1);
INSERT INTO player_matches VALUES(262,37,29,'10/6/7','jgl','Master Yi',10,6,7,0.8947368421052632,1);
INSERT INTO player_matches VALUES(263,38,29,'0/4/9','mid','Annie',0,4,9,0.47368421052631576,1);
INSERT INTO player_matches VALUES(264,39,29,'5/5/8','bot','Mel',5,5,8,0.6842105263157895,1);
INSERT INTO player_matches VALUES(265,40,29,'1/6/12','sup','Galio',1,6,12,0.6842105263157895,1);
INSERT INTO player_matches VALUES(266,51,29,'12/4/12','top','Volibear',12,4,12,0.8,0);
INSERT INTO player_matches VALUES(267,52,29,'7/5/16','jgl','Jarvan IV',7,5,16,0.7666666666666667,0);
INSERT INTO player_matches VALUES(268,53,29,'7/3/12','mid','Cho''Gath',7,3,12,0.6333333333333333,0);
INSERT INTO player_matches VALUES(269,21,29,'4/3/12','bot','Brand',4,3,12,0.5333333333333333,0);
INSERT INTO player_matches VALUES(270,55,29,'0/4/21','sup','Soraka',0,4,21,0.7,0);
INSERT INTO player_matches VALUES(271,11,27,'10/3/3','top','Zed',10,3,3,0.8666666666666667,1);
INSERT INTO player_matches VALUES(272,12,27,'0/3/2','jgl','Udyr',0,3,2,0.13333333333333333,1);
INSERT INTO player_matches VALUES(273,13,27,'0/5/3','mid','Galio',0,5,3,0.2,1);
INSERT INTO player_matches VALUES(274,14,27,'3/3/3','bot','Kai''Sa',3,3,3,0.4,1);
INSERT INTO player_matches VALUES(275,15,27,'2/6/3','sup','Blitzcrank',2,6,3,0.3333333333333333,1);
INSERT INTO player_matches VALUES(276,21,27,'13/0/4','top','Dr. Mundo',13,0,4,0.85,0);
INSERT INTO player_matches VALUES(277,22,27,'4/1/10','jgl','Skarner',4,1,10,0.7,0);
INSERT INTO player_matches VALUES(278,23,27,'2/7/11','mid','Aurelion Sol',2,7,11,0.65,0);
INSERT INTO player_matches VALUES(279,24,27,'1/3/12','bot','Seraphine',1,3,12,0.65,0);
INSERT INTO player_matches VALUES(280,25,27,'0/4/14','sup','Senna',0,4,14,0.7,0);
INSERT INTO player_matches VALUES(281,2,25,'9/2/4','top','Darius',9,2,4,0.6190476190476191,1);
INSERT INTO player_matches VALUES(282,12,25,'2/0/5','jgl','Maokai',2,0,5,0.3333333333333333,1);
INSERT INTO player_matches VALUES(283,1,25,'5/2/6','mid','Cassiopeia',5,2,6,0.5238095238095238,1);
INSERT INTO player_matches VALUES(284,18,25,'5/1/7','bot','Corki',5,1,7,0.5714285714285714,1);
INSERT INTO player_matches VALUES(285,4,25,'0/1/12','sup','Taric',0,1,12,0.5714285714285714,1);
INSERT INTO player_matches VALUES(286,11,25,'1/5/2','top','Jax',1,5,2,0.5,0);
INSERT INTO player_matches VALUES(287,27,25,'0/2/1','jgl','Karthus',0,2,1,0.16666666666666666,0);
INSERT INTO player_matches VALUES(288,28,25,'4/3/0','mid','Neeko',4,3,0,0.6666666666666666,0);
INSERT INTO player_matches VALUES(289,29,25,'1/6/0','bot','Caitlyn',1,6,0,0.16666666666666666,0);
INSERT INTO player_matches VALUES(290,30,25,'0/5/3','sup','Braum',0,5,3,0.5,0);
INSERT INTO player_matches VALUES(291,41,34,'11/0/3','top','Garen',11,0,3,0.5,1);
INSERT INTO player_matches VALUES(292,42,34,'4/2/13','jgl','Fiddlesticks',4,2,13,0.6071428571428571,1);
INSERT INTO player_matches VALUES(293,44,34,'3/3/1','mid','Sylas',3,3,1,0.14285714285714285,1);
INSERT INTO player_matches VALUES(294,43,34,'9/5/3','bot','Nilah',9,5,3,0.42857142857142855,1);
INSERT INTO player_matches VALUES(295,45,34,'1/6/16','sup','Lulu',1,6,16,0.6071428571428571,1);
INSERT INTO player_matches VALUES(296,51,34,'0/8/2','top','Illaoi',0,8,2,0.125,0);
INSERT INTO player_matches VALUES(297,52,34,'1/6/7','jgl','Jarvan IV',1,6,7,0.5,0);
INSERT INTO player_matches VALUES(298,53,34,'7/5/2','mid','Gragas',7,5,2,0.5625,0);
INSERT INTO player_matches VALUES(299,54,34,'7/5/3','bot','Draven',7,5,3,0.625,0);
INSERT INTO player_matches VALUES(300,55,34,'1/4/10','sup','Lux',1,4,10,0.6875,0);
INSERT INTO player_matches VALUES(301,11,33,'6/3/11','top','Yone',6,3,11,0.8095238095238095,1);
INSERT INTO player_matches VALUES(302,12,33,'6/6/13','jgl','Maokai',6,6,13,0.9047619047619048,1);
INSERT INTO player_matches VALUES(303,13,33,'0/5/18','mid','Galio',0,5,18,0.8571428571428571,1);
INSERT INTO player_matches VALUES(304,14,33,'5/4/10','bot','Ashe',5,4,10,0.7142857142857143,1);
INSERT INTO player_matches VALUES(305,15,33,'4/5/15','sup','Nautilus',4,5,15,0.9047619047619048,1);
INSERT INTO player_matches VALUES(306,303,33,'4/6/2','top','Pantheon',4,6,2,0.2608695652173913,0);
INSERT INTO player_matches VALUES(307,27,33,'1/2/15','jgl','Ivern',1,2,15,0.6956521739130435,0);
INSERT INTO player_matches VALUES(308,28,33,'6/3/12','mid','Sylas',6,3,12,0.782608695652174,0);
INSERT INTO player_matches VALUES(309,29,33,'11/4/5','bot','Jinx',11,4,5,0.6956521739130435,0);
INSERT INTO player_matches VALUES(310,30,33,'1/6/18','sup','Rell',1,6,18,0.8260869565217391,0);
INSERT INTO player_matches VALUES(311,8,37,'4/1/4','top','Nasus',4,1,4,0.32,1);
INSERT INTO player_matches VALUES(312,9,37,'8/0/6','jgl','Hecarim',8,0,6,0.56,1);
INSERT INTO player_matches VALUES(313,7,37,'0/4/3','mid','Malzahar',0,4,3,0.12,1);
INSERT INTO player_matches VALUES(314,18,37,'6/1/8','bot','Corki',6,1,8,0.56,1);
INSERT INTO player_matches VALUES(315,10,37,'7/3/10','sup','Pyke',7,3,10,0.68,1);
INSERT INTO player_matches VALUES(316,36,37,'0/5/3','top','Volibear',0,5,3,0.375,0);
INSERT INTO player_matches VALUES(317,37,37,'1/8/3','jgl','Xin Zhao',1,8,3,0.5,0);
INSERT INTO player_matches VALUES(318,38,37,'4/3/1','mid','Veigar',4,3,1,0.625,0);
INSERT INTO player_matches VALUES(319,39,37,'0/5/1','bot','Jinx',0,5,1,0.125,0);
INSERT INTO player_matches VALUES(320,40,37,'3/4/3','sup','Maokai',3,4,3,0.75,0);
INSERT INTO player_matches VALUES(321,36,32,'1/3/0','top','Garen',1,3,0,0.09090909090909093,1);
INSERT INTO player_matches VALUES(322,37,32,'1/6/3','jgl','Diana',1,6,3,0.3636363636363637,1);
INSERT INTO player_matches VALUES(323,38,32,'1/3/0','mid','Heimerdinger',1,3,0,0.09090909090909093,1);
INSERT INTO player_matches VALUES(324,39,32,'8/4/1','bot','Mel',8,4,1,0.8181818181818182,1);
INSERT INTO player_matches VALUES(325,40,32,'0/4/7','sup','Rell',0,4,7,0.6363636363636364,1);
INSERT INTO player_matches VALUES(326,2,32,'9/4/5','top','Camille',9,4,5,0.7,0);
INSERT INTO player_matches VALUES(327,3,32,'1/0/9','jgl','Ivern',1,0,9,0.5,0);
INSERT INTO player_matches VALUES(328,1,32,'7/0/6','mid','Azir',7,0,6,0.65,0);
INSERT INTO player_matches VALUES(329,157,32,'3/4/5','bot','Ashe',3,4,5,0.4,0);
INSERT INTO player_matches VALUES(330,4,32,'0/3/8','sup','Braum',0,3,8,0.4,0);
INSERT INTO player_matches VALUES(331,16,39,'0/5/4','top','Dr. Mundo',0,5,4,0.3076923076923077,1);
INSERT INTO player_matches VALUES(332,17,39,'9/5/2','jgl','Rek''Sai',9,5,2,0.8461538461538461,1);
INSERT INTO player_matches VALUES(333,18,39,'1/8/6','mid','Yone',1,8,6,0.5384615384615384,1);
INSERT INTO player_matches VALUES(334,19,39,'2/2/4','bot','Syndra',2,2,4,0.4615384615384616,1);
INSERT INTO player_matches VALUES(335,20,39,'1/4/7','sup','Leona',1,4,7,0.6153846153846154,1);
INSERT INTO player_matches VALUES(336,303,39,'3/2/8','top','K''Sante',3,2,8,0.4583333333333333,0);
INSERT INTO player_matches VALUES(337,27,39,'1/4/19','jgl','Nunu & Willump',1,4,19,0.8333333333333334,0);
INSERT INTO player_matches VALUES(338,28,39,'8/2/8','mid','Azir',8,2,8,0.6666666666666666,0);
INSERT INTO player_matches VALUES(339,29,39,'10/2/7','bot','Varus',10,2,7,0.7083333333333334,0);
INSERT INTO player_matches VALUES(340,30,39,'2/3/17','sup','Taric',2,3,17,0.7916666666666666,0);
INSERT INTO player_matches VALUES(341,11,38,'4/5/2','top','Jax',4,5,2,0.5,1);
INSERT INTO player_matches VALUES(342,12,38,'0/7/8','jgl','Maokai',0,7,8,0.6666666666666666,1);
INSERT INTO player_matches VALUES(343,13,38,'3/5/2','mid','Lissandra',3,5,2,0.4166666666666667,1);
INSERT INTO player_matches VALUES(344,14,38,'4/5/2','bot','Twitch',4,5,2,0.5,1);
INSERT INTO player_matches VALUES(345,15,38,'1/5/5','sup','Morgana',1,5,5,0.5,1);
INSERT INTO player_matches VALUES(346,31,38,'3/2/5','top','Dr. Mundo',3,2,5,0.2962962962962963,0);
INSERT INTO player_matches VALUES(347,32,38,'15/3/6','jgl','Master Yi',15,3,6,0.7777777777777778,0);
INSERT INTO player_matches VALUES(348,405,38,'6/3/11','mid','Lux',6,3,11,0.6296296296296297,0);
INSERT INTO player_matches VALUES(349,34,38,'3/1/9','bot','Sivir',3,1,9,0.4444444444444444,0);
INSERT INTO player_matches VALUES(350,35,38,'0/3/16','sup','Braum',0,3,16,0.5925925925925926,0);
INSERT INTO player_matches VALUES(351,41,36,'10/1/5','top','Garen',10,1,5,0.6,1);
INSERT INTO player_matches VALUES(352,42,36,'2/4/10','jgl','Fiddlesticks',2,4,10,0.48,1);
INSERT INTO player_matches VALUES(353,44,36,'1/3/1','mid','Mel',1,3,1,0.08,1);
INSERT INTO player_matches VALUES(354,43,36,'10/2/4','bot','Miss Fortune',10,2,4,0.56,1);
INSERT INTO player_matches VALUES(355,45,36,'2/1/12','sup','Nautilus',2,1,12,0.56,1);
INSERT INTO player_matches VALUES(356,2,36,'3/7/2','top','Camille',3,7,2,0.4545454545454546,0);
INSERT INTO player_matches VALUES(357,3,36,'3/4/7','jgl','Zac',3,4,7,0.9090909090909092,0);
INSERT INTO player_matches VALUES(358,1,36,'2/3/4','mid','Cassiopeia',2,3,4,0.5454545454545454,0);
INSERT INTO player_matches VALUES(359,157,36,'2/7/2','bot','Jhin',2,7,2,0.3636363636363637,0);
INSERT INTO player_matches VALUES(360,38,36,'1/4/4','sup','Karma',1,4,4,0.4545454545454546,0);
INSERT INTO player_matches VALUES(361,16,35,'3/3/7','top','Ornn',3,3,7,0.3333333333333333,1);
INSERT INTO player_matches VALUES(362,17,35,'7/0/9','jgl','Jarvan IV',7,0,9,0.5333333333333333,1);
INSERT INTO player_matches VALUES(363,18,35,'8/1/15','mid','Sylas',8,1,15,0.7666666666666667,1);
INSERT INTO player_matches VALUES(364,19,35,'10/1/5','bot','Caitlyn',10,1,5,0.5,1);
INSERT INTO player_matches VALUES(365,20,35,'2/2/9','sup','Lux',2,2,9,0.36666666666666664,1);
INSERT INTO player_matches VALUES(366,21,35,'1/4/3','top','Illaoi',1,4,3,0.5714285714285714,0);
INSERT INTO player_matches VALUES(367,22,35,'5/6/1','jgl','Karthus',5,6,1,0.8571428571428571,0);
INSERT INTO player_matches VALUES(368,23,35,'0/7/1','mid','Aurelion Sol',0,7,1,0.14285714285714285,0);
INSERT INTO player_matches VALUES(369,24,35,'1/3/2','bot','Xayah',1,3,2,0.42857142857142855,0);
INSERT INTO player_matches VALUES(370,25,35,'0/10/2','sup','Maokai',0,10,2,0.2857142857142857,0);
INSERT INTO player_matches VALUES(371,8,31,'2/5/2','top','Nasus',2,5,2,0.3076923076923077,1);
INSERT INTO player_matches VALUES(372,9,31,'6/8/2','jgl','Rumble',6,8,2,0.6153846153846154,1);
INSERT INTO player_matches VALUES(373,7,31,'1/6/3','mid','Malzahar',1,6,3,0.3076923076923077,1);
INSERT INTO player_matches VALUES(374,29,31,'1/5/6','bot','Varus',1,5,6,0.5384615384615384,1);
INSERT INTO player_matches VALUES(375,10,31,'3/5/7','sup','Senna',3,5,7,0.7692307692307693,1);
INSERT INTO player_matches VALUES(376,31,31,'2/1/7','top','Dr. Mundo',2,1,7,0.3103448275862069,0);
INSERT INTO player_matches VALUES(377,32,31,'14/1/7','jgl','Master Yi',14,1,7,0.7241379310344828,0);
INSERT INTO player_matches VALUES(378,33,31,'5/3/10','mid','Syndra',5,3,10,0.5172413793103449,0);
INSERT INTO player_matches VALUES(379,34,31,'7/4/11','bot','Sivir',7,4,11,0.6206896551724138,0);
INSERT INTO player_matches VALUES(380,35,31,'1/4/24','sup','Braum',1,4,24,0.8620689655172413,0);
INSERT INTO player_matches VALUES(381,46,44,'1/12/2','top','Heimerdinger',1,12,2,0.3,1);
INSERT INTO player_matches VALUES(382,47,44,'2/7/3','jgl','Skarner',2,7,3,0.5,1);
INSERT INTO player_matches VALUES(383,48,44,'3/7/4','mid','Syndra',3,7,4,0.7,1);
INSERT INTO player_matches VALUES(384,49,44,'4/6/5','bot','Jinx',4,6,5,0.9,1);
INSERT INTO player_matches VALUES(385,50,44,'0/7/6','sup','Soraka',0,7,6,0.6,1);
INSERT INTO player_matches VALUES(386,2,44,'11/2/8','top','Viktor',11,2,8,0.4871794871794872,0);
INSERT INTO player_matches VALUES(387,3,44,'3/2/8','jgl','Viego',3,2,8,0.28205128205128205,0);
INSERT INTO player_matches VALUES(388,1,44,'15/2/9','mid','Ekko',15,2,9,0.6153846153846154,0);
INSERT INTO player_matches VALUES(389,18,44,'10/2/5','bot','Corki',10,2,5,0.38461538461538464,0);
INSERT INTO player_matches VALUES(390,4,44,'0/2/18','sup','Taric',0,2,18,0.4615384615384616,0);
INSERT INTO player_matches VALUES(391,41,41,'11/3/10','top','Garen',11,3,10,0.65625,1);
INSERT INTO player_matches VALUES(392,42,41,'6/4/17','jgl','Fiddlesticks',6,4,17,0.71875,1);
INSERT INTO player_matches VALUES(393,44,41,'3/1/7','mid','Swain',3,1,7,0.3125,1);
INSERT INTO player_matches VALUES(394,451,41,'10/8/5','bot','Nilah',10,8,5,0.46875,1);
INSERT INTO player_matches VALUES(395,45,41,'2/2/22','sup','Rell',2,2,22,0.75,1);
INSERT INTO player_matches VALUES(396,8,41,'1/7/4','top','Volibear',1,7,4,0.2777777777777778,0);
INSERT INTO player_matches VALUES(397,9,41,'3/8/6','jgl','Hecarim',3,8,6,0.5,0);
INSERT INTO player_matches VALUES(398,7,41,'1/7/1','mid','Viktor',1,7,1,0.1111111111111111,0);
INSERT INTO player_matches VALUES(399,18,41,'12/4/3','bot','Xayah',12,4,3,0.8333333333333334,0);
INSERT INTO player_matches VALUES(400,10,41,'1/6/14','sup','Rakan',1,6,14,0.8333333333333334,0);
INSERT INTO player_matches VALUES(401,46,40,'0/4/8','top','Malphite',0,4,8,0.25806451612903225,1);
INSERT INTO player_matches VALUES(402,47,40,'6/3/17','jgl','Jarvan IV',6,3,17,0.7419354838709677,1);
INSERT INTO player_matches VALUES(403,48,40,'10/3/8','mid','Fizz',10,3,8,0.5806451612903226,1);
INSERT INTO player_matches VALUES(404,49,40,'13/3/11','bot','Tristana',13,3,11,0.7741935483870968,1);
INSERT INTO player_matches VALUES(405,50,40,'2/0/24','sup','Seraphine',2,0,24,0.8387096774193549,1);
INSERT INTO player_matches VALUES(406,51,40,'1/5/3','top','Swain',1,5,3,0.3076923076923077,0);
INSERT INTO player_matches VALUES(407,52,40,'4/4/2','jgl','Dr. Mundo',4,4,2,0.4615384615384616,0);
INSERT INTO player_matches VALUES(408,53,40,'4/6/3','mid','Garen',4,6,3,0.5384615384615384,0);
INSERT INTO player_matches VALUES(409,54,40,'2/11/5','bot','Twitch',2,11,5,0.5384615384615384,0);
INSERT INTO player_matches VALUES(410,55,40,'2/5/5','sup','Lulu',2,5,5,0.5384615384615384,0);
INSERT INTO player_matches VALUES(411,11,45,'11/1/7','top','Gangplank',11,1,7,0.8181818181818182,1);
INSERT INTO player_matches VALUES(412,12,45,'3/2/8','jgl','Skarner',3,2,8,0.5,1);
INSERT INTO player_matches VALUES(413,13,45,'0/3/11','mid','Galio',0,3,11,0.5,1);
INSERT INTO player_matches VALUES(414,14,45,'5/3/9','bot','Ezreal',5,3,9,0.6363636363636364,1);
INSERT INTO player_matches VALUES(415,15,45,'3/3/11','sup','Shen',3,3,11,0.6363636363636364,1);
INSERT INTO player_matches VALUES(416,31,45,'1/7/2','top','Trundle',1,7,2,0.25,0);
INSERT INTO player_matches VALUES(417,37,45,'4/2/5','jgl','Kha''Zix',4,2,5,0.75,0);
INSERT INTO player_matches VALUES(418,38,45,'3/3/2','mid','Annie',3,3,2,0.4166666666666667,0);
INSERT INTO player_matches VALUES(419,166,45,'0/3/4','bot','Kai''Sa',0,3,4,0.3333333333333333,0);
INSERT INTO player_matches VALUES(420,40,45,'4/7/3','sup','Pantheon',4,7,3,0.5833333333333334,0);
INSERT INTO player_matches VALUES(421,21,43,'2/9/7','top','Sett',2,9,7,0.6428571428571429,1);
INSERT INTO player_matches VALUES(422,32,43,'9/4/2','jgl','Shaco',9,4,2,0.7857142857142857,1);
INSERT INTO player_matches VALUES(423,23,43,'0/4/2','mid','Aurelion Sol',0,4,2,0.14285714285714285,1);
INSERT INTO player_matches VALUES(424,19,43,'2/8/2','bot','Lux',2,8,2,0.2857142857142857,1);
INSERT INTO player_matches VALUES(425,25,43,'1/10/3','sup','Pyke',1,10,3,0.2857142857142857,1);
INSERT INTO player_matches VALUES(426,26,43,'6/5/6','top','Ornn',6,5,6,0.34285714285714286,0);
INSERT INTO player_matches VALUES(427,27,43,'3/3/20','jgl','Nunu & Willump',3,3,20,0.6571428571428571,0);
INSERT INTO player_matches VALUES(428,28,43,'7/3/4','mid','Mel',7,3,4,0.3142857142857143,0);
INSERT INTO player_matches VALUES(429,29,43,'16/2/8','bot','Caitlyn',16,2,8,0.6857142857142857,0);
INSERT INTO player_matches VALUES(430,30,43,'3/1/19','sup','Bard',3,1,19,0.6285714285714286,0);
INSERT INTO player_matches VALUES(431,41,50,'5/0/10','top','Aurora',5,0,10,0.6,1);
INSERT INTO player_matches VALUES(432,42,50,'8/0/6','jgl','Kayn',8,0,6,0.56,1);
INSERT INTO player_matches VALUES(433,44,50,'3/3/7','mid','Yone',3,3,7,0.4,1);
INSERT INTO player_matches VALUES(434,43,50,'9/2/7','bot','Smolder',9,2,7,0.64,1);
INSERT INTO player_matches VALUES(435,45,50,'0/3/15','sup','Taric',0,3,15,0.6,1);
INSERT INTO player_matches VALUES(436,11,50,'2/5/4','top','Galio',2,5,4,0.75,0);
INSERT INTO player_matches VALUES(437,12,50,'1/5/6','jgl','Maokai',1,5,6,0.875,0);
INSERT INTO player_matches VALUES(438,13,50,'1/5/2','mid','Shen',1,5,2,0.375,0);
INSERT INTO player_matches VALUES(439,14,50,'3/6/3','bot','Kog''Maw',3,6,3,0.75,0);
INSERT INTO player_matches VALUES(440,15,50,'1/4/6','sup','Lulu',1,4,6,0.875,0);
INSERT INTO player_matches VALUES(441,51,46,'2/5/1','top','Mordekaiser',2,5,1,0.1875,1);
INSERT INTO player_matches VALUES(442,52,46,'2/5/9','jgl','Xin Zhao',2,5,9,0.6875,1);
INSERT INTO player_matches VALUES(443,53,46,'2/4/8','mid','Cho''Gath',2,4,8,0.625,1);
INSERT INTO player_matches VALUES(444,54,46,'9/3/4','bot','Jinx',9,3,4,0.8125,1);
INSERT INTO player_matches VALUES(445,55,46,'1/5/13','sup','Soraka',1,5,13,0.875,1);
INSERT INTO player_matches VALUES(446,256,46,'6/1/7','top','Renekton',6,1,7,0.5909090909090909,0);
INSERT INTO player_matches VALUES(447,3,46,'7/4/8','jgl','Zac',7,4,8,0.6818181818181818,0);
INSERT INTO player_matches VALUES(448,1,46,'4/1/11','mid','Azir',4,1,11,0.6818181818181818,0);
INSERT INTO player_matches VALUES(449,157,46,'5/6/11','bot','Ezreal',5,6,11,0.7272727272727273,0);
INSERT INTO player_matches VALUES(450,4,46,'0/4/15','sup','Taric',0,4,15,0.6818181818181818,0);
INSERT INTO player_matches VALUES(451,46,49,'3/8/1','top','Urgot',3,8,1,0.25,1);
INSERT INTO player_matches VALUES(452,47,49,'4/6/8','jgl','Pantheon',4,6,8,0.75,1);
INSERT INTO player_matches VALUES(453,48,49,'4/3/5','mid','Kassadin',4,3,5,0.5625,1);
INSERT INTO player_matches VALUES(454,49,49,'3/5/6','bot','Cassiopeia',3,5,6,0.5625,1);
INSERT INTO player_matches VALUES(455,50,49,'2/10/7','sup','Nautilus',2,10,7,0.5625,1);
INSERT INTO player_matches VALUES(456,8,49,'3/2/11','top','Ornn',3,2,11,0.4375,0);
INSERT INTO player_matches VALUES(457,9,49,'12/2/6','jgl','Gwen',12,2,6,0.5625,0);
INSERT INTO player_matches VALUES(458,7,49,'2/4/5','mid','Hwei',2,4,5,0.21875,0);
INSERT INTO player_matches VALUES(459,18,49,'12/3/10','bot','Caitlyn',12,3,10,0.6875,0);
INSERT INTO player_matches VALUES(460,10,49,'3/5/16','sup','Braum',3,5,16,0.59375,0);
INSERT INTO player_matches VALUES(461,31,48,'0/6/0','top','Cho''Gath',0,6,0,0,1);
INSERT INTO player_matches VALUES(462,32,48,'6/2/6','jgl','Gragas',6,2,6,0.42857142857142855,1);
INSERT INTO player_matches VALUES(463,33,48,'8/4/9','mid','Qiyana',8,4,9,0.6071428571428571,1);
INSERT INTO player_matches VALUES(464,34,48,'12/2/5','bot','Sivir',12,2,5,0.6071428571428571,1);
INSERT INTO player_matches VALUES(465,35,48,'2/1/16','sup','Yuumi',2,1,16,0.6428571428571429,1);
INSERT INTO player_matches VALUES(466,21,48,'2/4/3','top','Mordekaiser',2,4,3,0.3333333333333333,0);
INSERT INTO player_matches VALUES(467,22,48,'7/8/4','jgl','Pantheon',7,8,4,0.7333333333333333,0);
INSERT INTO player_matches VALUES(468,23,48,'6/6/3','mid','Aurelion Sol',6,6,3,0.6,0);
INSERT INTO player_matches VALUES(469,24,48,'0/5/7','bot','Xayah',0,5,7,0.4666666666666667,0);
INSERT INTO player_matches VALUES(470,25,48,'0/5/6','sup','Janna',0,5,6,0.4,0);
INSERT INTO player_matches VALUES(471,36,47,'7/4/15','top','Volibear',7,4,15,0.4583333333333333,1);
INSERT INTO player_matches VALUES(472,37,47,'13/5/7','jgl','Master Yi',13,5,7,0.4166666666666667,1);
INSERT INTO player_matches VALUES(473,38,47,'4/3/12','mid','Vex',4,3,12,0.3333333333333333,1);
INSERT INTO player_matches VALUES(474,39,47,'15/3/11','bot','Mel',15,3,11,0.5416666666666666,1);
INSERT INTO player_matches VALUES(475,40,47,'9/5/17','sup','Pantheon',9,5,17,0.5416666666666666,1);
INSERT INTO player_matches VALUES(476,16,47,'6/9/2','top','Illaoi',6,9,2,0.4,0);
INSERT INTO player_matches VALUES(477,17,47,'6/7/3','jgl','Rek''Sai',6,7,3,0.45,0);
INSERT INTO player_matches VALUES(478,18,47,'6/11/2','mid','Viktor',6,11,2,0.4,0);
INSERT INTO player_matches VALUES(479,19,47,'1/9/7','bot','Ashe',1,9,7,0.4,0);
INSERT INTO player_matches VALUES(480,20,47,'1/12/8','sup','Nautilus',1,12,8,0.45,0);
INSERT INTO player_matches VALUES(481,16,42,'3/5/0','top','Tahm Kench',3,5,0,0.17647058823529413,1);
INSERT INTO player_matches VALUES(482,17,42,'2/6/5','jgl','Xin Zhao',2,6,5,0.4117647058823529,1);
INSERT INTO player_matches VALUES(483,18,42,'7/7/3','mid','Sylas',7,7,3,0.5882352941176471,1);
INSERT INTO player_matches VALUES(484,19,42,'5/3/0','bot','Jinx',5,3,0,0.29411764705882354,1);
INSERT INTO player_matches VALUES(485,20,42,'0/4/5','sup','Leona',0,4,5,0.29411764705882354,1);
INSERT INTO player_matches VALUES(486,31,42,'3/3/6','top','Trundle',3,3,6,0.36,0);
INSERT INTO player_matches VALUES(487,32,42,'9/0/9','jgl','Lillia',9,0,9,0.72,0);
INSERT INTO player_matches VALUES(488,33,42,'10/8/4','mid','Qiyana',10,8,4,0.56,0);
INSERT INTO player_matches VALUES(489,34,42,'2/3/8','bot','Sivir',2,3,8,0.4,0);
INSERT INTO player_matches VALUES(490,35,42,'1/3/14','sup','Braum',1,3,14,0.6,0);
INSERT INTO player_matches VALUES(491,51,52,'3/8/4','top','Trundle',3,8,4,0.30434782608695654,1);
INSERT INTO player_matches VALUES(492,52,52,'1/7/2','jgl','Yorick',1,7,2,0.13043478260869565,1);
INSERT INTO player_matches VALUES(493,53,52,'11/11/0','mid','Akshan',11,11,0,0.4782608695652174,1);
INSERT INTO player_matches VALUES(494,54,52,'3/9/2','bot','Caitlyn',3,9,2,0.21739130434782608,1);
INSERT INTO player_matches VALUES(495,55,52,'5/8/4','sup','Lux',5,8,4,0.391304347826087,1);
INSERT INTO player_matches VALUES(496,8,52,'6/6/17','top','Smolder',6,6,17,0.5348837209302325,0);
INSERT INTO player_matches VALUES(497,2,52,'23/4/7','jgl','Elise',23,4,7,0.6976744186046512,0);
INSERT INTO player_matches VALUES(498,7,52,'5/2/13','mid','Swain',5,2,13,0.4186046511627907,0);
INSERT INTO player_matches VALUES(499,556,52,'7/8/16','bot','Quinn',7,8,16,0.5348837209302325,0);
INSERT INTO player_matches VALUES(500,30,52,'2/3/32','sup','Zilean',2,3,32,0.7906976744186046,0);
INSERT INTO player_matches VALUES(501,46,54,'4/4/8','top','Malphite',4,4,8,0.48,1);
INSERT INTO player_matches VALUES(502,47,54,'8/2/11','jgl','Hecarim',8,2,11,0.76,1);
INSERT INTO player_matches VALUES(503,48,54,'7/4/9','mid','Cho''Gath',7,4,9,0.64,1);
INSERT INTO player_matches VALUES(504,256,54,'6/3/10','bot','Ezreal',6,3,10,0.64,1);
INSERT INTO player_matches VALUES(505,50,54,'0/2/17','sup','Lulu',0,2,17,0.68,1);
INSERT INTO player_matches VALUES(506,11,54,'6/4/2','top','Riven',6,4,2,0.5333333333333333,0);
INSERT INTO player_matches VALUES(507,12,54,'2/4/6','jgl','Nocturne',2,4,6,0.5333333333333333,0);
INSERT INTO player_matches VALUES(508,35,54,'4/7/4','mid','Xerath',4,7,4,0.5333333333333333,0);
INSERT INTO player_matches VALUES(509,14,54,'2/5/6','bot','Vayne',2,5,6,0.5333333333333333,0);
INSERT INTO player_matches VALUES(510,15,54,'1/5/9','sup','Nautilus',1,5,9,0.6666666666666666,0);
INSERT INTO player_matches VALUES(511,26,53,'7/8/3','top','Camille',7,8,3,0.3448275862068966,1);
INSERT INTO player_matches VALUES(512,256,53,'10/6/6','jgl','Wukong',10,6,6,0.5517241379310345,1);
INSERT INTO player_matches VALUES(513,28,53,'2/3/7','mid','Azir',2,3,7,0.3103448275862069,1);
INSERT INTO player_matches VALUES(514,29,53,'7/8/9','bot','Ezreal',7,8,9,0.5517241379310345,1);
INSERT INTO player_matches VALUES(515,30,53,'3/7/16','sup','Renata Glasc',3,7,16,0.6551724137931034,1);
INSERT INTO player_matches VALUES(516,31,53,'3/4/7','top','Heimerdinger',3,4,7,0.3125,0);
INSERT INTO player_matches VALUES(517,32,53,'11/8/13','jgl','Karthus',11,8,13,0.75,0);
INSERT INTO player_matches VALUES(518,33,53,'9/5/11','mid','Lee Sin',9,5,11,0.625,0);
INSERT INTO player_matches VALUES(519,34,53,'8/9/4','bot','Nilah',8,9,4,0.375,0);
INSERT INTO player_matches VALUES(520,35,53,'1/3/23','sup','Taric',1,3,23,0.75,0);
INSERT INTO player_matches VALUES(521,21,55,'1/7/4','top','Maokai',1,7,4,0.5,1);
INSERT INTO player_matches VALUES(522,22,55,'5/6/3','jgl','Sylas',5,6,3,0.8,1);
INSERT INTO player_matches VALUES(523,23,55,'2/6/2','mid','Aurelion Sol',2,6,2,0.4,1);
INSERT INTO player_matches VALUES(524,29,55,'2/7/1','bot','Caitlyn',2,7,1,0.3,1);
INSERT INTO player_matches VALUES(525,25,55,'0/7/5','sup','Milio',0,7,5,0.5,1);
INSERT INTO player_matches VALUES(526,36,55,'1/5/5','top','Malphite',1,5,5,0.18181818181818185,0);
INSERT INTO player_matches VALUES(527,37,55,'10/2/9','jgl','Yasuo',10,2,9,0.5757575757575758,0);
INSERT INTO player_matches VALUES(528,38,55,'0/1/8','mid','Annie',0,1,8,0.24242424242424243,0);
INSERT INTO player_matches VALUES(529,2,55,'19/0/10','bot','Viktor',19,0,10,0.8787878787878788,0);
INSERT INTO player_matches VALUES(530,40,55,'3/3/22','sup','Jarvan IV',3,3,22,0.7575757575757576,0);
CREATE TABLE IF NOT EXISTS `bans_for_match` (
	`id` integer PRIMARY KEY AUTOINCREMENT NOT NULL,
	`match_id` integer,
	`blue_ban_1` text,
	`blue_ban_2` text,
	`blue_ban_3` text,
	`blue_ban_4` text,
	`blue_ban_5` text,
	`red_ban_1` text,
	`red_ban_2` text,
	`red_ban_3` text,
	`red_ban_4` text,
	`red_ban_5` text,
	FOREIGN KEY (`match_id`) REFERENCES `matches_played`(`id`) ON UPDATE no action ON DELETE no action
);
INSERT INTO bans_for_match VALUES(1,8,'Fizz','Syndra','Jinx','Urgot','Hecarim','Skarner','Udyr','Aatrox','Renekton','Wukong');
INSERT INTO bans_for_match VALUES(2,9,'Udyr','Zeri','Hecarim','Ornn','Pyke','Cassiopeia','Darius','Azir','Renekton','Irelia');
INSERT INTO bans_for_match VALUES(3,5,'Ambessa','Yone','Braum','Fiora','Nautilus','Illaoi','Jarvan IV','Lux','Seraphine','Neeko');
INSERT INTO bans_for_match VALUES(4,14,'Seraphine','Braum','Wukong','Master Yi','Darius','Nunu & Willump','Jinx','Bard','Amumu','Warwick');
INSERT INTO bans_for_match VALUES(5,3,'Nocturne','Wukong','Viktor','Riven',NULL,'Azir','Zac','Cassiopeia','Morgana','Mordekaiser');
INSERT INTO bans_for_match VALUES(6,4,'Rell','Ziggs','Hwei','Darius','Skarner','Qiyana','Malphite','Master Yi','Dr. Mundo','Viktor');
INSERT INTO bans_for_match VALUES(7,6,'Graves','Seraphine','Gragas','Karthus','Aurelion Sol','Ornn','Xin Zhao','Yone','LeBlanc','Tahm Kench');
INSERT INTO bans_for_match VALUES(8,12,'Cho''Gath','Ambessa','Galio','Nautilus','Nilah','Lee Sin','Aatrox','Azir','Camille','Bard');
INSERT INTO bans_for_match VALUES(9,1,'Pantheon','Rek''Sai','Viktor','Yone','Rell','Fizz','Jinx','Tahm Kench','Seraphine','Syndra');
INSERT INTO bans_for_match VALUES(10,13,'Darius','Amumu','Garen','Nautilus','Taric','Skarner','Renekton','Udyr','Xayah','Viego');
INSERT INTO bans_for_match VALUES(11,2,'Pantheon','Ornn','Jinx','Nautilus','Maokai','K''Sante','Cassiopeia','Darius','Ambessa','Renekton');
INSERT INTO bans_for_match VALUES(12,11,'Wukong','Nocturne','Twitch','Aatrox','K''Sante','Ornn','Rakan','Syndra','Malphite','Mordekaiser');
INSERT INTO bans_for_match VALUES(13,7,'Nilah','Darius','Garen','Talon','Nautilus','Twitch','Skarner','Zeri','Wukong','Lee Sin');
INSERT INTO bans_for_match VALUES(14,10,'Viktor','Draven','Illaoi','Jinx','Mordekaiser','Skarner','udyr','Aatrox','Ornn','Viego');
INSERT INTO bans_for_match VALUES(15,20,'Zeri','Jinx','Fizz','Nautilus','Lulu','Vel''Koz','Wukong','Viego','Lee Sin','Jarvan IV');
INSERT INTO bans_for_match VALUES(16,17,'Sylas','Draven','Lux','Seraphine','Galio','Caitlyn','Bard','Gwen','Skarner','Pantheon');
INSERT INTO bans_for_match VALUES(17,18,'Garen','Amumu','Darius','Zed','Nautilus','Volibear','Vex','Master Yi','Leona','Tahm Kench');
INSERT INTO bans_for_match VALUES(18,15,'Hecarim','Kalista','Jinx','Nautilus','Blitzcrank','Caitlyn','Bard','Azir','Renata Glasc','Braum');
INSERT INTO bans_for_match VALUES(19,16,'Udyr','Volibear','Skarner','Wukong','Viego','Azir','Taliyah','Ezreal','Maokai','Brand');
INSERT INTO bans_for_match VALUES(20,19,'Pantheon','Rek''Sai','Xin Zhao','Jhin','Kassadin','Skarner','Vayne','Rakan','Galio','Braum');
INSERT INTO bans_for_match VALUES(21,23,'Syndra','Heimerdinger','Zeri','Lulu','Milio','Rengar','Master Yi','Jinx','Kha''Zix','Volibear');
INSERT INTO bans_for_match VALUES(22,24,'Pantheon','Rek''Sai','Miss Fortune','Viktor','Gragas','Twitch','Skarner','Wukong','Yone','Hwei');
INSERT INTO bans_for_match VALUES(23,22,'Master Yi','Vel''Koz','Gwen','Udyr','Wukong','Lux','Morgana','Jinx','Viktor','Jarvan IV');
INSERT INTO bans_for_match VALUES(24,21,'Udyr','Aatrox','Master Yi','Xayah','Lulu','Ornn','Syndra','Mel','Elise','Alistar');
INSERT INTO bans_for_match VALUES(25,26,'Azir','Bard','Varus','Jayce','Rell','Skarner','Wukong','Syndra','Xin Zhao','Seraphine');
INSERT INTO bans_for_match VALUES(26,28,'Skarner','Zeri','Fizz','Seraphine','Amumu','Nilah','Mel','Smolder','Nautilus','Sylas');
INSERT INTO bans_for_match VALUES(27,29,'Kassadin','Viktor','Illaoi','Diana','Lux','Kindred','Hwei','Rell','Poppy','Veigar');
INSERT INTO bans_for_match VALUES(28,27,'Aatrox','Xayah','Volibear','Renekton','Sett','Twitch','Yone','Jax','Fiora','Riven');
INSERT INTO bans_for_match VALUES(29,25,'Fiora','Riven','Bard','Zilean','Rakan','Renekton','Vayne','Azir','Garen','Ambessa');
INSERT INTO bans_for_match VALUES(30,34,'Twitch','Soraka','Cho''Gath','Galio','Diana','Caitlyn','Amumu','Nautilus','Taric','Rell');
INSERT INTO bans_for_match VALUES(31,33,'Azir','Bard','Nunu & Willump','Viktor','Mel','Twitch','Fiora','Wukong','Riven','Jax');
INSERT INTO bans_for_match VALUES(32,37,'Pantheon','Kindred','Master Yi','Braum','Rell','Ornn','Syndra','Viktor','Mordekaiser','Nautilus');
INSERT INTO bans_for_match VALUES(33,32,'Viktor','Ambessa','Ezreal','Amumu','Zac','Vex','Veigar','Annie','Maokai','Master Yi');
INSERT INTO bans_for_match VALUES(34,39,'Caitlyn','Jinx','Bard','Blitzcrank','Braum','Pantheon','Smolder','Kassadin','Miss Fortune','Xayah');
INSERT INTO bans_for_match VALUES(35,38,'Irelia','Shen','Vel''Koz','Veigar','Trundle','Sejuani','Nocturne','Aatrox','Riven','Galio');
INSERT INTO bans_for_match VALUES(36,36,'Azir','Renekton','Veigar','Vex','Taliyah','Caitlyn','Nilah','Sett','Galio','Taric');
INSERT INTO bans_for_match VALUES(37,35,'Aatrox','Skarner','Udyr','Volibear','Vi','Rek''Sai','Pantheon','Yone','Kassadin','Viktor');
INSERT INTO bans_for_match VALUES(38,31,'Vel''Koz','Shen','Pantheon','Katarina','Trundle','Hecarim','Ornn','Jinx','Galio','Malphite');
INSERT INTO bans_for_match VALUES(39,44,'Cassiopeia','Renekton','Azir','Camille','Darius','Twitch','Zeri','Lulu','Seraphine','Xin Zhao');
INSERT INTO bans_for_match VALUES(40,41,'Caitlyn','Zeri','Tahm Kench','Syndra','Pyke','Aurora','Taric','Darius','Poppy','Lulu');
INSERT INTO bans_for_match VALUES(41,40,'Illaoi','Gragas','Sylas','Graves','Diana','Heimerdinger','Galio','Poppy','Xin Zhao','Ornn');
INSERT INTO bans_for_match VALUES(42,45,'Master Yi','Darius','Dr. Mundo','Vex','Veigar','Twitch','Maokai','Amumu','Sejuani','Nocturne');
INSERT INTO bans_for_match VALUES(43,43,'Ezreal','Azir','Hwei','Viktor','Neeko','Master Yi','Kindred','Aatrox','Dr. Mundo','Pantheon');
INSERT INTO bans_for_match VALUES(44,50,'Skarner','Twitch','Gangplank','Ezreal','Jinx','Nilah','Fiddlesticks','Garen','Amumu','Zac');
INSERT INTO bans_for_match VALUES(45,46,'Leona','Garen','Taliyah','Ekko','Urgot','Illaoi','Diana','Draven','Lulu','Seraphine');
INSERT INTO bans_for_match VALUES(46,49,'Hecarim','Corki','Galio','Gragas','Taric','Fizz','Heimerdinger','Syndra','Jinx','Zeri');
INSERT INTO bans_for_match VALUES(47,48,'Skarner','Aatrox','Udyr','Volibear','Viego','Shen','Ezreal','Vel''Koz','Master Yi','Kindred');
INSERT INTO bans_for_match VALUES(48,47,'Ornn','Miss Fortune','Dr. Mundo','Tahm Kench','Leona','Darius','Jinx','Hwei','Malphite','Shen');
INSERT INTO bans_for_match VALUES(49,42,'Master Yi','Shen','Vel''Koz','Karma','Yuumi','Ryze','Rek''Sai','Pantheon','Kassadin','Lulu');
INSERT INTO bans_for_match VALUES(50,52,'Bard','Volibear','Pantheon','Malphite','Mordekaiser','Diana','Garen','Illaoi','Cho''Gath','Amumu');
INSERT INTO bans_for_match VALUES(51,54,'Twitch','Yone','Vel''Koz','Gangplank','Jax','Fizz','Heimerdinger','Jarvan IV','Syndra','Galio');
INSERT INTO bans_for_match VALUES(52,53,'Kindred','Master Yi','Vel''Koz','Galio','Trundle','Bard','Caitlyn','Shen','Varus','Ashe');
INSERT INTO bans_for_match VALUES(53,55,'Draven','Ezreal','Darius','Rell','Pantheon','Udyr','Aatrox','Skarner','Dr. Mundo','Karma');
CREATE TABLE IF NOT EXISTS `placements` (
	`id` integer PRIMARY KEY AUTOINCREMENT NOT NULL,
	`team_id` integer NOT NULL,
	`created_at` text DEFAULT (CURRENT_TIMESTAMP),
	`standing` integer NOT NULL,
	`probability` real NOT NULL,
	FOREIGN KEY (`team_id`) REFERENCES `participating_teams`(`id`) ON UPDATE no action ON DELETE no action
);
INSERT INTO placements VALUES(1,10,'2025-02-17 02:56:38',1,85.02);
INSERT INTO placements VALUES(2,10,'2025-02-17 02:56:38',2,11.55);
INSERT INTO placements VALUES(3,10,'2025-02-17 02:56:38',4,0.49);
INSERT INTO placements VALUES(4,10,'2025-02-17 02:56:38',5,0.03);
INSERT INTO placements VALUES(5,10,'2025-02-17 02:56:38',3,2.92);
INSERT INTO placements VALUES(6,2,'2025-02-17 02:58:19',1,11.5);
INSERT INTO placements VALUES(7,2,'2025-02-17 02:58:19',8,0.88);
INSERT INTO placements VALUES(8,2,'2025-02-17 02:58:19',5,6.17);
INSERT INTO placements VALUES(9,2,'2025-02-17 02:58:19',2,48.2);
INSERT INTO placements VALUES(10,2,'2025-02-17 02:58:19',4,9.31);
INSERT INTO placements VALUES(11,2,'2025-02-17 02:58:19',7,1.51);
INSERT INTO placements VALUES(12,2,'2025-02-17 02:58:19',9,0.14);
INSERT INTO placements VALUES(13,2,'2025-02-17 02:58:19',3,19.89);
INSERT INTO placements VALUES(14,2,'2025-02-17 02:58:19',6,2.4);
INSERT INTO placements VALUES(15,3,'2025-02-17 03:00:10',7,20.57);
INSERT INTO placements VALUES(16,3,'2025-02-17 03:00:10',1,0.06);
INSERT INTO placements VALUES(17,3,'2025-02-17 03:00:10',9,12.32);
INSERT INTO placements VALUES(18,3,'2025-02-17 03:00:10',6,15.77);
INSERT INTO placements VALUES(19,3,'2025-02-17 03:00:10',3,3.19);
INSERT INTO placements VALUES(20,3,'2025-02-17 03:00:10',8,18.99);
INSERT INTO placements VALUES(21,3,'2025-02-17 03:00:10',2,1.11);
INSERT INTO placements VALUES(22,3,'2025-02-17 03:00:10',5,10.43);
INSERT INTO placements VALUES(23,3,'2025-02-17 03:00:10',11,2.56);
INSERT INTO placements VALUES(24,3,'2025-02-17 03:00:10',4,7.56);
INSERT INTO placements VALUES(25,3,'2025-02-17 03:00:10',10,7.44);
INSERT INTO placements VALUES(26,4,'2025-02-17 03:02:05',4,6.87);
INSERT INTO placements VALUES(27,4,'2025-02-17 03:02:05',9,14.91);
INSERT INTO placements VALUES(28,4,'2025-02-17 03:02:05',2,1.25);
INSERT INTO placements VALUES(29,4,'2025-02-17 03:02:05',6,12.94);
INSERT INTO placements VALUES(30,4,'2025-02-17 03:02:05',11,2.91);
INSERT INTO placements VALUES(31,4,'2025-02-17 03:02:05',10,8.93);
INSERT INTO placements VALUES(32,4,'2025-02-17 03:02:05',7,18);
INSERT INTO placements VALUES(33,4,'2025-02-17 03:02:05',3,3.24);
INSERT INTO placements VALUES(34,4,'2025-02-17 03:02:05',5,8.62);
INSERT INTO placements VALUES(35,4,'2025-02-17 03:02:05',8,22.28);
INSERT INTO placements VALUES(36,4,'2025-02-17 03:02:05',1,0.04);
INSERT INTO placements VALUES(37,5,'2025-02-17 03:03:29',1,1.92);
INSERT INTO placements VALUES(38,5,'2025-02-17 03:03:29',2,20.85);
INSERT INTO placements VALUES(39,5,'2025-02-17 03:03:29',9,0.39);
INSERT INTO placements VALUES(40,5,'2025-02-17 03:03:29',3,36.65);
INSERT INTO placements VALUES(41,5,'2025-02-17 03:03:29',5,11.7);
INSERT INTO placements VALUES(42,5,'2025-02-17 03:03:29',10,0.01);
INSERT INTO placements VALUES(43,5,'2025-02-17 03:03:29',6,5.38);
INSERT INTO placements VALUES(44,5,'2025-02-17 03:03:29',8,2.03);
INSERT INTO placements VALUES(45,5,'2025-02-17 03:03:29',7,3.11);
INSERT INTO placements VALUES(46,5,'2025-02-17 03:03:29',4,17.97);
INSERT INTO placements VALUES(47,6,'2025-02-17 03:05:34',5,20.24);
INSERT INTO placements VALUES(48,6,'2025-02-17 03:05:34',11,0.17);
INSERT INTO placements VALUES(49,6,'2025-02-17 03:05:34',1,0.11);
INSERT INTO placements VALUES(50,6,'2025-02-17 03:05:34',9,4.35);
INSERT INTO placements VALUES(51,6,'2025-02-17 03:05:34',7,12.51);
INSERT INTO placements VALUES(52,6,'2025-02-17 03:05:34',2,4.02);
INSERT INTO placements VALUES(53,6,'2025-02-17 03:05:34',10,1.8);
INSERT INTO placements VALUES(54,6,'2025-02-17 03:05:34',6,14.87);
INSERT INTO placements VALUES(55,6,'2025-02-17 03:05:34',3,11.99);
INSERT INTO placements VALUES(56,6,'2025-02-17 03:05:34',4,20.98);
INSERT INTO placements VALUES(57,6,'2025-02-17 03:05:34',8,8.95);
INSERT INTO placements VALUES(58,7,'2025-02-17 03:07:01',1,1.19);
INSERT INTO placements VALUES(59,7,'2025-02-17 03:07:01',4,21.13);
INSERT INTO placements VALUES(60,7,'2025-02-17 03:07:01',3,15.33);
INSERT INTO placements VALUES(61,7,'2025-02-17 03:07:01',8,6.3);
INSERT INTO placements VALUES(62,7,'2025-02-17 03:07:01',2,10.6);
INSERT INTO placements VALUES(63,7,'2025-02-17 03:07:01',7,9.11);
INSERT INTO placements VALUES(64,7,'2025-02-17 03:07:01',10,0.92);
INSERT INTO placements VALUES(65,7,'2025-02-17 03:07:01',11,0.09);
INSERT INTO placements VALUES(66,7,'2025-02-17 03:07:01',6,13.85);
INSERT INTO placements VALUES(67,7,'2025-02-17 03:07:01',5,18.88);
INSERT INTO placements VALUES(68,7,'2025-02-17 03:07:01',9,2.6);
INSERT INTO placements VALUES(69,8,'2025-02-17 03:08:23',4,1.27);
INSERT INTO placements VALUES(70,8,'2025-02-17 03:08:23',8,9.17);
INSERT INTO placements VALUES(71,8,'2025-02-17 03:08:23',6,3.87);
INSERT INTO placements VALUES(72,8,'2025-02-17 03:08:23',10,24.01);
INSERT INTO placements VALUES(73,8,'2025-02-17 03:08:23',3,0.34);
INSERT INTO placements VALUES(74,8,'2025-02-17 03:08:23',9,16.62);
INSERT INTO placements VALUES(75,8,'2025-02-17 03:08:23',5,1.7);
INSERT INTO placements VALUES(76,8,'2025-02-17 03:08:23',2,0.02);
INSERT INTO placements VALUES(77,8,'2025-02-17 03:08:23',11,35.56);
INSERT INTO placements VALUES(78,8,'2025-02-17 03:08:23',7,7.44);
INSERT INTO placements VALUES(79,9,'2025-02-17 03:09:31',3,0.34);
INSERT INTO placements VALUES(80,9,'2025-02-17 03:09:31',2,0.02);
INSERT INTO placements VALUES(81,9,'2025-02-17 03:09:31',7,7.77);
INSERT INTO placements VALUES(82,9,'2025-02-17 03:09:31',8,11.35);
INSERT INTO placements VALUES(83,9,'2025-02-17 03:09:31',5,2.15);
INSERT INTO placements VALUES(84,9,'2025-02-17 03:09:31',6,4.99);
INSERT INTO placements VALUES(85,9,'2025-02-17 03:09:31',4,1.33);
INSERT INTO placements VALUES(86,9,'2025-02-17 03:09:31',9,19.97);
INSERT INTO placements VALUES(87,9,'2025-02-17 03:09:31',11,25.13);
INSERT INTO placements VALUES(88,9,'2025-02-17 03:09:31',10,26.95);
INSERT INTO placements VALUES(89,1,'2025-02-17 03:11:23',10,27.62);
INSERT INTO placements VALUES(90,1,'2025-02-17 03:11:23',8,9.52);
INSERT INTO placements VALUES(91,1,'2025-02-17 03:11:23',11,33.23);
INSERT INTO placements VALUES(92,1,'2025-02-17 03:11:23',5,0.32);
INSERT INTO placements VALUES(93,1,'2025-02-17 03:11:23',6,1.76);
INSERT INTO placements VALUES(94,1,'2025-02-17 03:11:23',7,3.73);
INSERT INTO placements VALUES(95,1,'2025-02-17 03:11:23',4,0.01);
INSERT INTO placements VALUES(96,1,'2025-02-17 03:11:23',9,23.8);
INSERT INTO placements VALUES(97,11,'2025-02-17 03:12:43',3,6.1);
INSERT INTO placements VALUES(98,11,'2025-02-17 03:12:43',10,2.29);
INSERT INTO placements VALUES(99,11,'2025-02-17 03:12:43',9,4.9);
INSERT INTO placements VALUES(100,11,'2025-02-17 03:12:43',1,0.17);
INSERT INTO placements VALUES(101,11,'2025-02-17 03:12:43',5,19.78);
INSERT INTO placements VALUES(102,11,'2025-02-17 03:12:43',8,10.53);
INSERT INTO placements VALUES(103,11,'2025-02-17 03:12:43',2,2.38);
INSERT INTO placements VALUES(104,11,'2025-02-17 03:12:43',6,24.16);
INSERT INTO placements VALUES(105,11,'2025-02-17 03:12:43',11,0.34);
INSERT INTO placements VALUES(106,11,'2025-02-17 03:12:43',7,16.25);
INSERT INTO placements VALUES(107,11,'2025-02-17 03:12:43',4,13.09);
INSERT INTO placements VALUES(108,1,'2025-02-18 05:52:02',10,17.97);
INSERT INTO placements VALUES(109,1,'2025-02-18 05:52:02',9,18.65);
INSERT INTO placements VALUES(110,1,'2025-02-18 05:52:02',8,5.18);
INSERT INTO placements VALUES(111,1,'2025-02-18 05:52:02',7,0.49);
INSERT INTO placements VALUES(112,1,'2025-02-18 05:52:02',11,57.71);
INSERT INTO placements VALUES(113,2,'2025-02-18 05:52:57',2,51.95);
INSERT INTO placements VALUES(114,2,'2025-02-18 05:52:57',7,0.06);
INSERT INTO placements VALUES(115,2,'2025-02-18 05:52:57',6,1.07);
INSERT INTO placements VALUES(116,2,'2025-02-18 05:52:57',4,6.45);
INSERT INTO placements VALUES(117,2,'2025-02-18 05:52:57',1,8.98);
INSERT INTO placements VALUES(118,2,'2025-02-18 05:52:57',3,27.26);
INSERT INTO placements VALUES(119,2,'2025-02-18 05:52:57',5,4.22);
INSERT INTO placements VALUES(120,3,'2025-02-18 05:54:10',8,24.61);
INSERT INTO placements VALUES(121,3,'2025-02-18 05:54:10',4,4.79);
INSERT INTO placements VALUES(122,3,'2025-02-18 05:54:10',7,20.94);
INSERT INTO placements VALUES(123,3,'2025-02-18 05:54:10',9,14.75);
INSERT INTO placements VALUES(124,3,'2025-02-18 05:54:10',3,0.48);
INSERT INTO placements VALUES(125,3,'2025-02-18 05:54:10',6,17.97);
INSERT INTO placements VALUES(126,3,'2025-02-18 05:54:10',11,0.59);
INSERT INTO placements VALUES(127,3,'2025-02-18 05:54:10',5,11.79);
INSERT INTO placements VALUES(128,3,'2025-02-18 05:54:10',10,4.1);
INSERT INTO placements VALUES(129,4,'2025-02-18 05:55:30',10,4.69);
INSERT INTO placements VALUES(130,4,'2025-02-18 05:55:30',4,5.03);
INSERT INTO placements VALUES(131,4,'2025-02-18 05:55:30',3,0.51);
INSERT INTO placements VALUES(132,4,'2025-02-18 05:55:30',8,25.39);
INSERT INTO placements VALUES(133,4,'2025-02-18 05:55:30',6,13.33);
INSERT INTO placements VALUES(134,4,'2025-02-18 05:55:30',7,18.53);
INSERT INTO placements VALUES(135,4,'2025-02-18 05:55:30',11,0.78);
INSERT INTO placements VALUES(136,4,'2025-02-18 05:55:30',9,23);
INSERT INTO placements VALUES(137,4,'2025-02-18 05:55:30',5,8.74);
INSERT INTO placements VALUES(138,5,'2025-02-18 05:56:34',4,29.14);
INSERT INTO placements VALUES(139,5,'2025-02-18 05:56:34',5,16.87);
INSERT INTO placements VALUES(140,5,'2025-02-18 05:56:34',2,9.38);
INSERT INTO placements VALUES(141,5,'2025-02-18 05:56:34',7,5.98);
INSERT INTO placements VALUES(142,5,'2025-02-18 05:56:34',8,3.14);
INSERT INTO placements VALUES(143,5,'2025-02-18 05:56:34',3,26.76);
INSERT INTO placements VALUES(144,5,'2025-02-18 05:56:34',6,8.15);
INSERT INTO placements VALUES(145,5,'2025-02-18 05:56:34',1,0.2);
INSERT INTO placements VALUES(146,5,'2025-02-18 05:56:34',9,0.39);
INSERT INTO placements VALUES(147,6,'2025-02-18 05:57:20',2,1.56);
INSERT INTO placements VALUES(148,6,'2025-02-18 05:57:20',6,20.97);
INSERT INTO placements VALUES(149,6,'2025-02-18 05:57:20',7,12.94);
INSERT INTO placements VALUES(150,6,'2025-02-18 05:57:20',9,0.78);
INSERT INTO placements VALUES(151,6,'2025-02-18 05:57:20',3,12.5);
INSERT INTO placements VALUES(152,6,'2025-02-18 05:57:20',4,17.35);
INSERT INTO placements VALUES(153,6,'2025-02-18 05:57:20',8,6.31);
INSERT INTO placements VALUES(154,6,'2025-02-18 05:57:20',5,27.59);
INSERT INTO placements VALUES(155,7,'2025-02-18 05:58:13',2,27.69);
INSERT INTO placements VALUES(156,7,'2025-02-18 05:58:13',5,8.54);
INSERT INTO placements VALUES(157,7,'2025-02-18 05:58:13',1,3.66);
INSERT INTO placements VALUES(158,7,'2025-02-18 05:58:13',6,5.62);
INSERT INTO placements VALUES(159,7,'2025-02-18 05:58:13',7,1.03);
INSERT INTO placements VALUES(160,7,'2025-02-18 05:58:13',4,26.42);
INSERT INTO placements VALUES(161,7,'2025-02-18 05:58:13',8,0.05);
INSERT INTO placements VALUES(162,7,'2025-02-18 05:58:13',3,27);
INSERT INTO placements VALUES(163,8,'2025-02-18 05:58:50',7,0.05);
INSERT INTO placements VALUES(164,8,'2025-02-18 05:58:50',9,5.18);
INSERT INTO placements VALUES(165,8,'2025-02-18 05:58:50',8,0.98);
INSERT INTO placements VALUES(166,8,'2025-02-18 05:58:50',10,14.65);
INSERT INTO placements VALUES(167,8,'2025-02-18 05:58:50',11,79.15);
INSERT INTO placements VALUES(168,9,'2025-02-18 06:00:31',10,14.45);
INSERT INTO placements VALUES(169,9,'2025-02-18 06:00:31',8,15.72);
INSERT INTO placements VALUES(170,9,'2025-02-18 06:00:31',5,7.86);
INSERT INTO placements VALUES(171,9,'2025-02-18 06:00:31',7,15.26);
INSERT INTO placements VALUES(172,9,'2025-02-18 06:00:31',9,29.05);
INSERT INTO placements VALUES(173,9,'2025-02-18 06:00:31',3,0.95);
INSERT INTO placements VALUES(174,9,'2025-02-18 06:00:31',4,5.13);
INSERT INTO placements VALUES(175,9,'2025-02-18 06:00:31',11,1.17);
INSERT INTO placements VALUES(176,9,'2025-02-18 06:00:31',6,10.4);
INSERT INTO placements VALUES(177,10,'2025-02-18 06:00:58',1,87.16);
INSERT INTO placements VALUES(178,10,'2025-02-18 06:00:58',3,3.27);
INSERT INTO placements VALUES(179,10,'2025-02-18 06:00:58',4,0.15);
INSERT INTO placements VALUES(180,10,'2025-02-18 06:00:58',2,9.42);
INSERT INTO placements VALUES(181,11,'2025-02-18 06:01:56',6,22.49);
INSERT INTO placements VALUES(182,11,'2025-02-18 06:01:56',4,5.57);
INSERT INTO placements VALUES(183,11,'2025-02-18 06:01:56',7,24.73);
INSERT INTO placements VALUES(184,11,'2025-02-18 06:01:56',3,1.27);
INSERT INTO placements VALUES(185,11,'2025-02-18 06:01:56',8,18.63);
INSERT INTO placements VALUES(186,11,'2025-02-18 06:01:56',5,14.38);
INSERT INTO placements VALUES(187,11,'2025-02-18 06:01:56',10,4.39);
INSERT INTO placements VALUES(188,11,'2025-02-18 06:01:56',11,0.34);
INSERT INTO placements VALUES(189,11,'2025-02-18 06:01:56',9,8.2);
INSERT INTO placements VALUES(190,1,'2025-02-23 23:03:44',7,14.84);
INSERT INTO placements VALUES(191,1,'2025-02-23 23:03:44',10,43.75);
INSERT INTO placements VALUES(192,1,'2025-02-23 23:03:44',8,25.78);
INSERT INTO placements VALUES(193,1,'2025-02-23 23:03:44',9,13.28);
INSERT INTO placements VALUES(194,1,'2025-02-23 23:03:44',6,2.34);
INSERT INTO placements VALUES(195,2,'2025-02-23 23:04:09',3,31.25);
INSERT INTO placements VALUES(196,2,'2025-02-23 23:04:09',2,62.5);
INSERT INTO placements VALUES(197,2,'2025-02-23 23:04:09',4,6.25);
INSERT INTO placements VALUES(198,3,'2025-02-23 23:05:00',4,10.94);
INSERT INTO placements VALUES(199,3,'2025-02-23 23:05:00',7,25.78);
INSERT INTO placements VALUES(200,3,'2025-02-23 23:05:00',9,13.09);
INSERT INTO placements VALUES(201,3,'2025-02-23 23:05:00',8,18.36);
INSERT INTO placements VALUES(202,3,'2025-02-23 23:05:00',5,14.26);
INSERT INTO placements VALUES(203,3,'2025-02-23 23:05:00',10,3.12);
INSERT INTO placements VALUES(204,3,'2025-02-23 23:05:00',6,14.45);
INSERT INTO placements VALUES(205,4,'2025-02-23 23:05:51',6,5.66);
INSERT INTO placements VALUES(206,4,'2025-02-23 23:05:51',4,4.69);
INSERT INTO placements VALUES(207,4,'2025-02-23 23:05:51',5,6.25);
INSERT INTO placements VALUES(208,4,'2025-02-23 23:05:51',7,16.6);
INSERT INTO placements VALUES(209,4,'2025-02-23 23:05:51',9,31.05);
INSERT INTO placements VALUES(210,4,'2025-02-23 23:05:51',8,13.87);
INSERT INTO placements VALUES(211,4,'2025-02-23 23:05:51',10,21.88);
INSERT INTO placements VALUES(212,5,'2025-02-23 23:06:43',5,24.61);
INSERT INTO placements VALUES(213,5,'2025-02-23 23:06:43',9,7.03);
INSERT INTO placements VALUES(214,5,'2025-02-23 23:06:43',3,14.06);
INSERT INTO placements VALUES(215,5,'2025-02-23 23:06:43',4,12.11);
INSERT INTO placements VALUES(216,5,'2025-02-23 23:06:43',8,11.72);
INSERT INTO placements VALUES(217,5,'2025-02-23 23:06:43',7,8.98);
INSERT INTO placements VALUES(218,5,'2025-02-23 23:06:43',6,21.48);
INSERT INTO placements VALUES(219,6,'2025-02-23 23:07:15',3,18.75);
INSERT INTO placements VALUES(220,6,'2025-02-23 23:07:15',5,18.36);
INSERT INTO placements VALUES(221,6,'2025-02-23 23:07:15',7,8.2);
INSERT INTO placements VALUES(222,6,'2025-02-23 23:07:15',6,28.52);
INSERT INTO placements VALUES(223,6,'2025-02-23 23:07:15',4,26.17);
INSERT INTO placements VALUES(224,7,'2025-02-23 23:07:58',1,6.25);
INSERT INTO placements VALUES(225,7,'2025-02-23 23:07:58',2,25);
INSERT INTO placements VALUES(226,7,'2025-02-23 23:07:58',4,20.31);
INSERT INTO placements VALUES(227,7,'2025-02-23 23:07:58',3,23.44);
INSERT INTO placements VALUES(228,7,'2025-02-23 23:07:58',5,11.72);
INSERT INTO placements VALUES(229,7,'2025-02-23 23:07:58',6,9.38);
INSERT INTO placements VALUES(230,7,'2025-02-23 23:07:58',7,3.91);
INSERT INTO placements VALUES(231,8,'2025-02-23 23:09:07',11,100);
INSERT INTO placements VALUES(232,9,'2025-02-23 23:10:07',2,6.25);
INSERT INTO placements VALUES(233,9,'2025-02-23 23:10:07',5,24.22);
INSERT INTO placements VALUES(234,9,'2025-02-23 23:10:07',7,4.3);
INSERT INTO placements VALUES(235,9,'2025-02-23 23:10:07',9,10.55);
INSERT INTO placements VALUES(236,9,'2025-02-23 23:10:07',3,12.5);
INSERT INTO placements VALUES(237,9,'2025-02-23 23:10:07',4,19.53);
INSERT INTO placements VALUES(238,9,'2025-02-23 23:10:07',6,12.11);
INSERT INTO placements VALUES(239,9,'2025-02-23 23:10:07',8,10.55);
INSERT INTO placements VALUES(240,10,'2025-02-23 23:10:27',1,93.75);
INSERT INTO placements VALUES(241,10,'2025-02-23 23:10:27',2,6.25);
INSERT INTO placements VALUES(242,11,'2025-02-23 23:11:20',9,25);
INSERT INTO placements VALUES(243,11,'2025-02-23 23:11:20',8,19.73);
INSERT INTO placements VALUES(244,11,'2025-02-23 23:11:20',7,17.38);
INSERT INTO placements VALUES(245,11,'2025-02-23 23:11:20',6,6.05);
INSERT INTO placements VALUES(246,11,'2025-02-23 23:11:20',5,0.59);
INSERT INTO placements VALUES(247,11,'2025-02-23 23:11:20',10,31.25);
CREATE TABLE IF NOT EXISTS `playoff_predictions` (
	`id` integer PRIMARY KEY AUTOINCREMENT NOT NULL,
	`email` text NOT NULL,
	`quarter_1` integer NOT NULL,
	`quarter_2` integer NOT NULL,
	`quarter_3` integer NOT NULL,
	`quarter_4` integer NOT NULL,
	`semi_1` integer NOT NULL,
	`semi_2` integer NOT NULL,
	`finals` integer NOT NULL,
	`match_date` integer DEFAULT CURRENT_TIMESTAMP
);
-- NOTE: playoff_predictions data has been redacted from this dump due to PII.
DELETE FROM sqlite_sequence;
INSERT INTO sqlite_sequence VALUES('participating_teams',11);
INSERT INTO sqlite_sequence VALUES('players',587);
INSERT INTO sqlite_sequence VALUES('users',1);
INSERT INTO sqlite_sequence VALUES('player_matches',530);
INSERT INTO sqlite_sequence VALUES('matches_played',55);
INSERT INTO sqlite_sequence VALUES('bans_for_match',53);
INSERT INTO sqlite_sequence VALUES('placements',247);
INSERT INTO sqlite_sequence VALUES('playoff_predictions',12);
CREATE UNIQUE INDEX `player_summoner_name_uniq_idx` ON `players` (`summoner_name`);
CREATE UNIQUE INDEX `user_email_idx` ON `users` (`user_email`);
COMMIT;
